** Drc report for hauptplatine.kicad_pcb **
** Created on 2026-10-04T18:17:41+0000 **
** Report includes: Errors, Warnings, Exclusions **

** Found 639 DRC violations **
[starved_thermal]: Thermal relief connection to zone incomplete (layer In2.Cu; zone min spoke count 2; actual 1)
    Local override; error
    @(118.2000 mm, 61.0000 mm): Zone [GND] on In2.Cu, priority 0
    @(114.6200 mm, 141.4000 mm): PTH pad S1 [GND] of J6
[starved_thermal]: Thermal relief connection to zone incomplete (layer B.Cu; zone min spoke count 2; actual 1)
    Local override; error
    @(118.2000 mm, 61.0000 mm): Zone [GND] on B.Cu, priority 0
    @(114.6200 mm, 141.4000 mm): PTH pad S1 [GND] of J6
[starved_thermal]: Thermal relief connection to zone incomplete (layer F.Cu; zone min spoke count 2; actual 1)
    Local override; error
    @(118.2000 mm, 61.0000 mm): Zone [GND] on F.Cu, priority 0
    @(116.0100 mm, 134.8300 mm): Pad 5 [GND] of U12 on F.Cu
[starved_thermal]: Thermal relief connection to zone incomplete (layer F.Cu; zone min spoke count 2; actual 1)
    Local override; error
    @(118.2000 mm, 61.0000 mm): Zone [GND] on F.Cu, priority 0
    @(114.7100 mm, 134.8300 mm): Pad 10 [GND] of U12 on F.Cu
[starved_thermal]: Thermal relief connection to zone incomplete (layer F.Cu; zone min spoke count 2; actual 1)
    Local override; error
    @(118.2000 mm, 61.0000 mm): Zone [GND] on F.Cu, priority 0
    @(114.7100 mm, 135.2300 mm): Pad 11 [GND] of U12 on F.Cu
[starved_thermal]: Thermal relief connection to zone incomplete (layer F.Cu; zone min spoke count 2; actual 1)
    Local override; error
    @(118.2000 mm, 61.0000 mm): Zone [GND] on F.Cu, priority 0
    @(114.6200 mm, 141.4000 mm): PTH pad S1 [GND] of J6
[copper_edge_clearance]: Board edge clearance violation (board setup constraints edge clearance 0.5000 mm; actual 0.3500 mm)
    Rule: board setup constraints edge; error
    @(81.5000 mm, 139.0000 mm): Segment on Edge.Cuts
    @(82.5250 mm, 67.0400 mm): Pad 11 [GND] of J4 on B.Cu
[copper_edge_clearance]: Board edge clearance violation (board setup constraints edge clearance 0.5000 mm; actual 0.3500 mm)
    Rule: board setup constraints edge; error
    @(81.5000 mm, 139.0000 mm): Segment on Edge.Cuts
    @(82.5250 mm, 61.0700 mm): Pad 11 [GND] of J4 on B.Cu
[copper_edge_clearance]: Board edge clearance violation (board setup constraints edge clearance 0.5000 mm; actual 0.2950 mm)
    Rule: board setup constraints edge; error
    @(91.4000 mm, 143.0000 mm): Segment on Edge.Cuts
    @(92.3700 mm, 140.2500 mm): Pad 1 [HPREFA] of J1 on B.Cu
[copper_edge_clearance]: Board edge clearance violation (board setup constraints edge clearance 0.5000 mm; actual 0.3050 mm)
    Rule: board setup constraints edge; error
    @(84.6000 mm, 130.2500 mm): Segment on Edge.Cuts
    @(83.6200 mm, 133.6500 mm): Pad 2 [HPOUTA] of J1 on B.Cu
[copper_edge_clearance]: Board edge clearance violation (board setup constraints edge clearance 0.5000 mm; actual 0.2950 mm)
    Rule: board setup constraints edge; error
    @(91.4000 mm, 143.0000 mm): Segment on Edge.Cuts
    @(92.3700 mm, 137.5000 mm): Pad 3 [HPOUTB] of J1 on B.Cu
[copper_edge_clearance]: Board edge clearance violation (board setup constraints edge clearance 0.5000 mm; actual 0.3050 mm)
    Rule: board setup constraints edge; error
    @(84.6000 mm, 136.1000 mm): Segment on Edge.Cuts
    @(83.6200 mm, 140.2500 mm): Pad 4 [HPREFB] of J1 on B.Cu
[copper_edge_clearance]: Board edge clearance violation (board setup constraints edge clearance 0.5000 mm; actual 0.3050 mm)
    Rule: board setup constraints edge; error
    @(84.6000 mm, 130.2500 mm): Segment on Edge.Cuts
    @(83.6200 mm, 131.3000 mm): Pad 5 [HP_DETECT] of J1 on B.Cu
[copper_edge_clearance]: Board edge clearance violation (board setup constraints edge clearance 0.5000 mm; actual 0.2950 mm)
    Rule: board setup constraints edge; error
    @(91.4000 mm, 134.8000 mm): Segment on Edge.Cuts
    @(92.3700 mm, 132.4500 mm): Pad 6 [<no net>] of J1 on B.Cu
[copper_edge_clearance]: Board edge clearance violation (board setup constraints edge clearance 0.5000 mm; actual 0.2000 mm)
    Rule: board setup constraints edge; error
    @(113.2200 mm, 137.0000 mm): Segment on Edge.Cuts
    @(112.2000 mm, 136.2500 mm): Pad A1_B12 [GND] of J6 on B.Cu
[copper_edge_clearance]: Board edge clearance violation (board setup constraints edge clearance 0.5000 mm; actual 0.2000 mm)
    Rule: board setup constraints edge; error
    @(113.2200 mm, 137.0000 mm): Segment on Edge.Cuts
    @(111.4000 mm, 136.2500 mm): Pad A4_B9 [VBUS] of J6 on B.Cu
[copper_edge_clearance]: Board edge clearance violation (board setup constraints edge clearance 0.5000 mm; actual 0.2000 mm)
    Rule: board setup constraints edge; error
    @(113.2200 mm, 137.0000 mm): Segment on Edge.Cuts
    @(110.2500 mm, 136.2500 mm): Pad A5 [CC1] of J6 on B.Cu
[copper_edge_clearance]: Board edge clearance violation (board setup constraints edge clearance 0.5000 mm; actual 0.2000 mm)
    Rule: board setup constraints edge; error
    @(113.2200 mm, 137.0000 mm): Segment on Edge.Cuts
    @(109.2500 mm, 136.2500 mm): Pad A6 [USB_DP] of J6 on B.Cu
[copper_edge_clearance]: Board edge clearance violation (board setup constraints edge clearance 0.5000 mm; actual 0.2000 mm)
    Rule: board setup constraints edge; error
    @(113.2200 mm, 137.0000 mm): Segment on Edge.Cuts
    @(108.7500 mm, 136.2500 mm): Pad A7 [USB_DN] of J6 on B.Cu
[copper_edge_clearance]: Board edge clearance violation (board setup constraints edge clearance 0.5000 mm; actual 0.2000 mm)
    Rule: board setup constraints edge; error
    @(113.2200 mm, 137.0000 mm): Segment on Edge.Cuts
    @(107.7500 mm, 136.2500 mm): Pad A8 [<no net>] of J6 on B.Cu
[copper_edge_clearance]: Board edge clearance violation (board setup constraints edge clearance 0.5000 mm; actual 0.2000 mm)
    Rule: board setup constraints edge; error
    @(113.2200 mm, 137.0000 mm): Segment on Edge.Cuts
    @(105.8000 mm, 136.2500 mm): Pad B1_A12 [GND] of J6 on B.Cu
[copper_edge_clearance]: Board edge clearance violation (board setup constraints edge clearance 0.5000 mm; actual 0.2000 mm)
    Rule: board setup constraints edge; error
    @(113.2200 mm, 137.0000 mm): Segment on Edge.Cuts
    @(106.6000 mm, 136.2500 mm): Pad B4_A9 [VBUS] of J6 on B.Cu
[copper_edge_clearance]: Board edge clearance violation (board setup constraints edge clearance 0.5000 mm; actual 0.2000 mm)
    Rule: board setup constraints edge; error
    @(113.2200 mm, 137.0000 mm): Segment on Edge.Cuts
    @(107.2500 mm, 136.2500 mm): Pad B5 [CC2] of J6 on B.Cu
[copper_edge_clearance]: Board edge clearance violation (board setup constraints edge clearance 0.5000 mm; actual 0.2000 mm)
    Rule: board setup constraints edge; error
    @(113.2200 mm, 137.0000 mm): Segment on Edge.Cuts
    @(108.2500 mm, 136.2500 mm): Pad B6 [USB_DP] of J6 on B.Cu
[copper_edge_clearance]: Board edge clearance violation (board setup constraints edge clearance 0.5000 mm; actual 0.2000 mm)
    Rule: board setup constraints edge; error
    @(113.2200 mm, 137.0000 mm): Segment on Edge.Cuts
    @(109.7500 mm, 136.2500 mm): Pad B7 [USB_DN] of J6 on B.Cu
[copper_edge_clearance]: Board edge clearance violation (board setup constraints edge clearance 0.5000 mm; actual 0.2000 mm)
    Rule: board setup constraints edge; error
    @(113.2200 mm, 137.0000 mm): Segment on Edge.Cuts
    @(110.7500 mm, 136.2500 mm): Pad B8 [<no net>] of J6 on B.Cu
[copper_edge_clearance]: Board edge clearance violation (board setup constraints edge clearance 0.5000 mm; actual 0.4968 mm)
    Rule: board setup constraints edge; error
    @(114.6963 mm, 142.9952 mm): Segment on Edge.Cuts
    @(114.6200 mm, 141.4000 mm): PTH pad S1 [GND] of J6
[courtyards_overlap]: Courtyards overlap
    Rule: board setup constraints courtyard; error
    @(87.9000 mm, 64.8000 mm): Footprint J4
    @(88.0000 mm, 62.0000 mm): Footprint FID4
[clearance]: Clearance violation ( clearance 0.2000 mm; actual 0.1500 mm)
    Local override; error
    @(98.3600 mm, 84.6000 mm): Pad 1 [GND] of U30 on F.Cu
    @(97.8600 mm, 84.6000 mm): Pad 2 [V1P8] of U30 on F.Cu
[clearance]: Clearance violation ( clearance 0.2000 mm; actual 0.1500 mm)
    Local override; error
    @(97.8600 mm, 84.6000 mm): Pad 2 [V1P8] of U30 on F.Cu
    @(97.3600 mm, 84.6000 mm): Pad 3 [DAC_SCL] of U30 on F.Cu
[clearance]: Clearance violation ( clearance 0.2000 mm; actual 0.1500 mm)
    Local override; error
    @(97.3600 mm, 84.6000 mm): Pad 3 [DAC_SCL] of U30 on F.Cu
    @(96.8600 mm, 84.6000 mm): Pad 4 [DAC_SDA] of U30 on F.Cu
[clearance]: Clearance violation ( clearance 0.2000 mm; actual 0.1500 mm)
    Local override; error
    @(96.8600 mm, 87.4000 mm): Pad 5 [SDA] of U30 on F.Cu
    @(97.3600 mm, 87.4000 mm): Pad 6 [SCL] of U30 on F.Cu
[clearance]: Clearance violation ( clearance 0.2000 mm; actual 0.1500 mm)
    Local override; error
    @(97.3600 mm, 87.4000 mm): Pad 6 [SCL] of U30 on F.Cu
    @(97.8600 mm, 87.4000 mm): Pad 7 [3V3] of U30 on F.Cu
[clearance]: Clearance violation ( clearance 0.2000 mm; actual 0.1500 mm)
    Local override; error
    @(97.8600 mm, 87.4000 mm): Pad 7 [3V3] of U30 on F.Cu
    @(98.3600 mm, 87.4000 mm): Pad 8 [PCA_EN] of U30 on F.Cu
[clearance]: Clearance violation ( clearance 0.2000 mm; actual 0.1500 mm)
    Local override; error
    @(91.5500 mm, 103.0775 mm): Pad 1 [BOOST_FB] of U20 on F.Cu
    @(91.0500 mm, 103.0775 mm): Pad 2 [HOST_EN] of U20 on F.Cu
[clearance]: Clearance violation ( clearance 0.2000 mm; actual 0.1500 mm)
    Local override; error
    @(91.0500 mm, 103.0775 mm): Pad 2 [HOST_EN] of U20 on F.Cu
    @(90.5500 mm, 103.0775 mm): Pad 3 [SYS_POWER] of U20 on F.Cu
[clearance]: Clearance violation ( clearance 0.2000 mm; actual 0.1500 mm)
    Local override; error
    @(90.5500 mm, 104.5025 mm): Pad 4 [GND] of U20 on F.Cu
    @(91.0500 mm, 104.5025 mm): Pad 5 [BOOST_SW] of U20 on F.Cu
[clearance]: Clearance violation ( clearance 0.2000 mm; actual 0.1500 mm)
    Local override; error
    @(91.0500 mm, 104.5025 mm): Pad 5 [BOOST_SW] of U20 on F.Cu
    @(91.5500 mm, 104.5025 mm): Pad 6 [V5_HOST] of U20 on F.Cu
[clearance]: Clearance violation ( clearance 0.2000 mm; actual 0.1500 mm)
    Local override; error
    @(110.4600 mm, 80.6525 mm): Pad 1 [V1P8] of U32 on F.Cu
    @(110.9600 mm, 80.6525 mm): Pad 2 [GND] of U32 on F.Cu
[clearance]: Clearance violation ( clearance 0.2000 mm; actual 0.1500 mm)
    Local override; error
    @(110.9600 mm, 80.6525 mm): Pad 2 [GND] of U32 on F.Cu
    @(111.4600 mm, 80.6525 mm): Pad 3 [I2S_LRCK_1V8] of U32 on F.Cu
[clearance]: Clearance violation ( clearance 0.2000 mm; actual 0.1500 mm)
    Local override; error
    @(111.4600 mm, 79.2275 mm): Pad 4 [I2S_LRCK] of U32 on F.Cu
    @(110.9600 mm, 79.2275 mm): Pad 5 [V1P8] of U32 on F.Cu
[clearance]: Clearance violation ( clearance 0.2000 mm; actual 0.1500 mm)
    Local override; error
    @(110.9600 mm, 79.2275 mm): Pad 5 [V1P8] of U32 on F.Cu
    @(110.4600 mm, 79.2275 mm): Pad 6 [3V3] of U32 on F.Cu
[clearance]: Clearance violation ( clearance 0.2000 mm; actual 0.1500 mm)
    Local override; error
    @(107.1500 mm, 75.2825 mm): Pad 1 [V1P8] of U33 on F.Cu
    @(107.6500 mm, 75.2825 mm): Pad 2 [GND] of U33 on F.Cu
[clearance]: Clearance violation ( clearance 0.2000 mm; actual 0.1500 mm)
    Local override; error
    @(107.6500 mm, 75.2825 mm): Pad 2 [GND] of U33 on F.Cu
    @(108.1500 mm, 75.2825 mm): Pad 3 [I2S_DIN_1V8] of U33 on F.Cu
[clearance]: Clearance violation ( clearance 0.2000 mm; actual 0.1500 mm)
    Local override; error
    @(108.1500 mm, 73.8575 mm): Pad 4 [I2S_DOUT] of U33 on F.Cu
    @(107.6500 mm, 73.8575 mm): Pad 5 [GND] of U33 on F.Cu
[clearance]: Clearance violation ( clearance 0.2000 mm; actual 0.1500 mm)
    Local override; error
    @(107.6500 mm, 73.8575 mm): Pad 5 [GND] of U33 on F.Cu
    @(107.1500 mm, 73.8575 mm): Pad 6 [3V3] of U33 on F.Cu
[clearance]: Clearance violation ( clearance 0.2000 mm; actual 0.1500 mm)
    Local override; error
    @(107.6975 mm, 84.7100 mm): Pad 1 [DAC_SCL] of U17 on F.Cu
    @(107.6975 mm, 84.3100 mm): Pad 2 [I2S_DIN_1V8] of U17 on F.Cu
[clearance]: Clearance violation ( clearance 0.2000 mm; actual 0.1932 mm)
    Local override; error
    @(107.6975 mm, 84.7100 mm): Pad 1 [DAC_SCL] of U17 on F.Cu
    @(107.0600 mm, 85.3475 mm): Pad 40 [<no net>] of U17 on F.Cu
[clearance]: Clearance violation ( clearance 0.2000 mm; actual 0.1500 mm)
    Local override; error
    @(107.6975 mm, 84.3100 mm): Pad 2 [I2S_DIN_1V8] of U17 on F.Cu
    @(107.6975 mm, 83.9100 mm): Pad 3 [<no net>] of U17 on F.Cu
[clearance]: Clearance violation ( clearance 0.2000 mm; actual 0.1500 mm)
    Local override; error
    @(107.6975 mm, 83.9100 mm): Pad 3 [<no net>] of U17 on F.Cu
    @(107.6975 mm, 83.5100 mm): Pad 4 [V1P8] of U17 on F.Cu
[clearance]: Clearance violation ( clearance 0.2000 mm; actual 0.1500 mm)
    Local override; error
    @(107.6975 mm, 83.5100 mm): Pad 4 [V1P8] of U17 on F.Cu
    @(107.6975 mm, 83.1100 mm): Pad 5 [FILTP] of U17 on F.Cu
[clearance]: Clearance violation ( clearance 0.2000 mm; actual 0.1500 mm)
    Local override; error
    @(107.6975 mm, 83.1100 mm): Pad 5 [FILTP] of U17 on F.Cu
    @(107.6975 mm, 82.7100 mm): Pad 6 [FILTN] of U17 on F.Cu
[clearance]: Clearance violation ( clearance 0.2000 mm; actual 0.1500 mm)
    Local override; error
    @(107.6975 mm, 82.7100 mm): Pad 6 [FILTN] of U17 on F.Cu
    @(107.6975 mm, 82.3100 mm): Pad 7 [V1P8A] of U17 on F.Cu
[clearance]: Clearance violation ( clearance 0.2000 mm; actual 0.1500 mm)
    Local override; error
    @(107.6975 mm, 82.3100 mm): Pad 7 [V1P8A] of U17 on F.Cu
    @(107.6975 mm, 81.9100 mm): Pad 8 [GND] of U17 on F.Cu
[clearance]: Clearance violation ( clearance 0.2000 mm; actual 0.1500 mm)
    Local override; error
    @(107.6975 mm, 81.9100 mm): Pad 8 [GND] of U17 on F.Cu
    @(107.6975 mm, 81.5100 mm): Pad 9 [NVA] of U17 on F.Cu
[clearance]: Clearance violation ( clearance 0.2000 mm; actual 0.1500 mm)
    Local override; error
    @(107.6975 mm, 81.5100 mm): Pad 9 [NVA] of U17 on F.Cu
    @(107.6975 mm, 81.1100 mm): Pad 10 [FLYPVA] of U17 on F.Cu
[clearance]: Clearance violation ( clearance 0.2000 mm; actual 0.1932 mm)
    Local override; error
    @(107.6975 mm, 81.1100 mm): Pad 10 [FLYPVA] of U17 on F.Cu
    @(107.0600 mm, 80.4725 mm): Pad 11 [FLYNVA] of U17 on F.Cu
[clearance]: Clearance violation ( clearance 0.2000 mm; actual 0.1500 mm)
    Local override; error
    @(107.0600 mm, 80.4725 mm): Pad 11 [FLYNVA] of U17 on F.Cu
    @(106.6600 mm, 80.4725 mm): Pad 12 [<no net>] of U17 on F.Cu
[clearance]: Clearance violation ( clearance 0.2000 mm; actual 0.1500 mm)
    Local override; error
    @(106.6600 mm, 80.4725 mm): Pad 12 [<no net>] of U17 on F.Cu
    @(106.2600 mm, 80.4725 mm): Pad 13 [HPREFA] of U17 on F.Cu
[clearance]: Clearance violation ( clearance 0.2000 mm; actual 0.1500 mm)
    Local override; error
    @(106.2600 mm, 80.4725 mm): Pad 13 [HPREFA] of U17 on F.Cu
    @(105.8600 mm, 80.4725 mm): Pad 14 [HPOUTA] of U17 on F.Cu
[clearance]: Clearance violation ( clearance 0.2000 mm; actual 0.1500 mm)
    Local override; error
    @(105.8600 mm, 80.4725 mm): Pad 14 [HPOUTA] of U17 on F.Cu
    @(105.4600 mm, 80.4725 mm): Pad 15 [<no net>] of U17 on F.Cu
[clearance]: Clearance violation ( clearance 0.2000 mm; actual 0.1500 mm)
    Local override; error
    @(105.4600 mm, 80.4725 mm): Pad 15 [<no net>] of U17 on F.Cu
    @(105.0600 mm, 80.4725 mm): Pad 16 [HPOUTB] of U17 on F.Cu
[clearance]: Clearance violation ( clearance 0.2000 mm; actual 0.1500 mm)
    Local override; error
    @(105.0600 mm, 80.4725 mm): Pad 16 [HPOUTB] of U17 on F.Cu
    @(104.6600 mm, 80.4725 mm): Pad 17 [HPREFB] of U17 on F.Cu
[clearance]: Clearance violation ( clearance 0.2000 mm; actual 0.1500 mm)
    Local override; error
    @(104.6600 mm, 80.4725 mm): Pad 17 [HPREFB] of U17 on F.Cu
    @(104.2600 mm, 80.4725 mm): Pad 18 [VCPFN] of U17 on F.Cu
[clearance]: Clearance violation ( clearance 0.2000 mm; actual 0.1500 mm)
    Local override; error
    @(104.2600 mm, 80.4725 mm): Pad 18 [VCPFN] of U17 on F.Cu
    @(103.8600 mm, 80.4725 mm): Pad 19 [GND] of U17 on F.Cu
[clearance]: Clearance violation ( clearance 0.2000 mm; actual 0.1500 mm)
    Local override; error
    @(103.8600 mm, 80.4725 mm): Pad 19 [GND] of U17 on F.Cu
    @(103.4600 mm, 80.4725 mm): Pad 20 [FLYNVCP] of U17 on F.Cu
[clearance]: Clearance violation ( clearance 0.2000 mm; actual 0.1932 mm)
    Local override; error
    @(103.4600 mm, 80.4725 mm): Pad 20 [FLYNVCP] of U17 on F.Cu
    @(102.8225 mm, 81.1100 mm): Pad 21 [VCPFP] of U17 on F.Cu
[clearance]: Clearance violation ( clearance 0.2000 mm; actual 0.1500 mm)
    Local override; error
    @(102.8225 mm, 81.1100 mm): Pad 21 [VCPFP] of U17 on F.Cu
    @(102.8225 mm, 81.5100 mm): Pad 22 [HP_DETECT] of U17 on F.Cu
[clearance]: Clearance violation ( clearance 0.2000 mm; actual 0.1500 mm)
    Local override; error
    @(102.8225 mm, 81.5100 mm): Pad 22 [HP_DETECT] of U17 on F.Cu
    @(102.8225 mm, 81.9100 mm): Pad 23 [FLYCVCP] of U17 on F.Cu
[clearance]: Clearance violation ( clearance 0.2000 mm; actual 0.1500 mm)
    Local override; error
    @(102.8225 mm, 81.9100 mm): Pad 23 [FLYCVCP] of U17 on F.Cu
    @(102.8225 mm, 82.3100 mm): Pad 24 [FLYPVCP] of U17 on F.Cu
[clearance]: Clearance violation ( clearance 0.2000 mm; actual 0.1500 mm)
    Local override; error
    @(102.8225 mm, 82.3100 mm): Pad 24 [FLYPVCP] of U17 on F.Cu
    @(102.8225 mm, 82.7100 mm): Pad 25 [V1P8A] of U17 on F.Cu
[clearance]: Clearance violation ( clearance 0.2000 mm; actual 0.1500 mm)
    Local override; error
    @(102.8225 mm, 82.7100 mm): Pad 25 [V1P8A] of U17 on F.Cu
    @(102.8225 mm, 83.1100 mm): Pad 26 [SYS_POWER] of U17 on F.Cu
[clearance]: Clearance violation ( clearance 0.2000 mm; actual 0.1500 mm)
    Local override; error
    @(102.8225 mm, 83.1100 mm): Pad 26 [SYS_POWER] of U17 on F.Cu
    @(102.8225 mm, 83.5100 mm): Pad 27 [DAC_INT] of U17 on F.Cu
[clearance]: Clearance violation ( clearance 0.2000 mm; actual 0.1500 mm)
    Local override; error
    @(102.8225 mm, 83.5100 mm): Pad 27 [DAC_INT] of U17 on F.Cu
    @(102.8225 mm, 83.9100 mm): Pad 28 [DAC_RESET_N] of U17 on F.Cu
[clearance]: Clearance violation ( clearance 0.2000 mm; actual 0.1500 mm)
    Local override; error
    @(102.8225 mm, 83.9100 mm): Pad 28 [DAC_RESET_N] of U17 on F.Cu
    @(102.8225 mm, 84.3100 mm): Pad 29 [<no net>] of U17 on F.Cu
[clearance]: Clearance violation ( clearance 0.2000 mm; actual 0.1500 mm)
    Local override; error
    @(102.8225 mm, 84.3100 mm): Pad 29 [<no net>] of U17 on F.Cu
    @(102.8225 mm, 84.7100 mm): Pad 30 [GND] of U17 on F.Cu
[clearance]: Clearance violation ( clearance 0.2000 mm; actual 0.1932 mm)
    Local override; error
    @(102.8225 mm, 84.7100 mm): Pad 30 [GND] of U17 on F.Cu
    @(103.4600 mm, 85.3475 mm): Pad 31 [V1P8] of U17 on F.Cu
[clearance]: Clearance violation ( clearance 0.2000 mm; actual 0.1500 mm)
    Local override; error
    @(103.4600 mm, 85.3475 mm): Pad 31 [V1P8] of U17 on F.Cu
    @(103.8600 mm, 85.3475 mm): Pad 32 [<no net>] of U17 on F.Cu
[clearance]: Clearance violation ( clearance 0.2000 mm; actual 0.1500 mm)
    Local override; error
    @(103.8600 mm, 85.3475 mm): Pad 32 [<no net>] of U17 on F.Cu
    @(104.2600 mm, 85.3475 mm): Pad 33 [<no net>] of U17 on F.Cu
[clearance]: Clearance violation ( clearance 0.2000 mm; actual 0.1500 mm)
    Local override; error
    @(104.2600 mm, 85.3475 mm): Pad 33 [<no net>] of U17 on F.Cu
    @(104.6600 mm, 85.3475 mm): Pad 34 [I2S_BCLK_1V8] of U17 on F.Cu
[clearance]: Clearance violation ( clearance 0.2000 mm; actual 0.1500 mm)
    Local override; error
    @(104.6600 mm, 85.3475 mm): Pad 34 [I2S_BCLK_1V8] of U17 on F.Cu
    @(105.0600 mm, 85.3475 mm): Pad 35 [GND] of U17 on F.Cu
[clearance]: Clearance violation ( clearance 0.2000 mm; actual 0.1500 mm)
    Local override; error
    @(105.0600 mm, 85.3475 mm): Pad 35 [GND] of U17 on F.Cu
    @(105.4600 mm, 85.3475 mm): Pad 36 [XTO] of U17 on F.Cu
[clearance]: Clearance violation ( clearance 0.2000 mm; actual 0.1500 mm)
    Local override; error
    @(105.4600 mm, 85.3475 mm): Pad 36 [XTO] of U17 on F.Cu
    @(105.8600 mm, 85.3475 mm): Pad 37 [XTI] of U17 on F.Cu
[clearance]: Clearance violation ( clearance 0.2000 mm; actual 0.1500 mm)
    Local override; error
    @(105.8600 mm, 85.3475 mm): Pad 37 [XTI] of U17 on F.Cu
    @(106.2600 mm, 85.3475 mm): Pad 38 [I2S_LRCK_1V8] of U17 on F.Cu
[clearance]: Clearance violation ( clearance 0.2000 mm; actual 0.1500 mm)
    Local override; error
    @(106.2600 mm, 85.3475 mm): Pad 38 [I2S_LRCK_1V8] of U17 on F.Cu
    @(106.6600 mm, 85.3475 mm): Pad 39 [DAC_SDA] of U17 on F.Cu
[clearance]: Clearance violation ( clearance 0.2000 mm; actual 0.1500 mm)
    Local override; error
    @(106.6600 mm, 85.3475 mm): Pad 39 [DAC_SDA] of U17 on F.Cu
    @(107.0600 mm, 85.3475 mm): Pad 40 [<no net>] of U17 on F.Cu
[clearance]: Clearance violation ( clearance 0.2000 mm; actual 0.1500 mm)
    Local override; error
    @(104.7900 mm, 76.6825 mm): Pad 1 [V1P8] of U31 on F.Cu
    @(105.2900 mm, 76.6825 mm): Pad 2 [GND] of U31 on F.Cu
[clearance]: Clearance violation ( clearance 0.2000 mm; actual 0.1500 mm)
    Local override; error
    @(105.2900 mm, 76.6825 mm): Pad 2 [GND] of U31 on F.Cu
    @(105.7900 mm, 76.6825 mm): Pad 3 [I2S_BCLK_1V8] of U31 on F.Cu
[clearance]: Clearance violation ( clearance 0.2000 mm; actual 0.1500 mm)
    Local override; error
    @(105.7900 mm, 75.2575 mm): Pad 4 [I2S_BCLK] of U31 on F.Cu
    @(105.2900 mm, 75.2575 mm): Pad 5 [V1P8] of U31 on F.Cu
[clearance]: Clearance violation ( clearance 0.2000 mm; actual 0.1500 mm)
    Local override; error
    @(105.2900 mm, 75.2575 mm): Pad 5 [V1P8] of U31 on F.Cu
    @(104.7900 mm, 75.2575 mm): Pad 6 [3V3] of U31 on F.Cu
[nonmirrored_text_on_back_layer]: Non-Mirrored text on back layer
    Local override; warning
[nonmirrored_text_on_back_layer]: Non-Mirrored text on back layer
    Local override; warning
[nonmirrored_text_on_back_layer]: Non-Mirrored text on back layer
    Local override; warning
[nonmirrored_text_on_back_layer]: Non-Mirrored text on back layer
    Local override; warning
[nonmirrored_text_on_back_layer]: Non-Mirrored text on back layer
    Local override; warning
[nonmirrored_text_on_back_layer]: Non-Mirrored text on back layer
    Local override; warning
[nonmirrored_text_on_back_layer]: Non-Mirrored text on back layer
    Local override; warning
[nonmirrored_text_on_back_layer]: Non-Mirrored text on back layer
    Local override; warning
[nonmirrored_text_on_back_layer]: Non-Mirrored text on back layer
    Local override; warning
[nonmirrored_text_on_back_layer]: Non-Mirrored text on back layer
    Local override; warning
[nonmirrored_text_on_back_layer]: Non-Mirrored text on back layer
    Local override; warning
[nonmirrored_text_on_back_layer]: Non-Mirrored text on back layer
    Local override; warning
[nonmirrored_text_on_back_layer]: Non-Mirrored text on back layer
    Local override; warning
[nonmirrored_text_on_back_layer]: Non-Mirrored text on back layer
    Local override; warning
[nonmirrored_text_on_back_layer]: Non-Mirrored text on back layer
    Local override; warning
[nonmirrored_text_on_back_layer]: Non-Mirrored text on back layer
    Local override; warning
[nonmirrored_text_on_back_layer]: Non-Mirrored text on back layer
    Local override; warning
[nonmirrored_text_on_back_layer]: Non-Mirrored text on back layer
    Local override; warning
[nonmirrored_text_on_back_layer]: Non-Mirrored text on back layer
    Local override; warning
[nonmirrored_text_on_back_layer]: Non-Mirrored text on back layer
    Local override; warning
[nonmirrored_text_on_back_layer]: Non-Mirrored text on back layer
    Local override; warning
[nonmirrored_text_on_back_layer]: Non-Mirrored text on back layer
    Local override; warning
[nonmirrored_text_on_back_layer]: Non-Mirrored text on back layer
    Local override; warning
[nonmirrored_text_on_back_layer]: Non-Mirrored text on back layer
    Local override; warning
[nonmirrored_text_on_back_layer]: Non-Mirrored text on back layer
    Local override; warning
[nonmirrored_text_on_back_layer]: Non-Mirrored text on back layer
    Local override; warning
[nonmirrored_text_on_back_layer]: Non-Mirrored text on back layer
    Local override; warning
[nonmirrored_text_on_back_layer]: Non-Mirrored text on back layer
    Local override; warning
[nonmirrored_text_on_back_layer]: Non-Mirrored text on back layer
    Local override; warning
[nonmirrored_text_on_back_layer]: Non-Mirrored text on back layer
    Local override; warning
[nonmirrored_text_on_back_layer]: Non-Mirrored text on back layer
    Local override; warning
[nonmirrored_text_on_back_layer]: Non-Mirrored text on back layer
    Local override; warning
[nonmirrored_text_on_back_layer]: Non-Mirrored text on back layer
    Local override; warning
[nonmirrored_text_on_back_layer]: Non-Mirrored text on back layer
    Local override; warning
[nonmirrored_text_on_back_layer]: Non-Mirrored text on back layer
    Local override; warning
[nonmirrored_text_on_back_layer]: Non-Mirrored text on back layer
    Local override; warning
[nonmirrored_text_on_back_layer]: Non-Mirrored text on back layer
    Local override; warning
[silk_overlap]: Silkscreen overlap
    Rule: board setup constraints silk; warning
[silk_overlap]: Silkscreen overlap
    Rule: board setup constraints silk; warning
[silk_overlap]: Silkscreen overlap
    Rule: board setup constraints silk; warning
[silk_overlap]: Silkscreen overlap
    Rule: board setup constraints silk; warning
[silk_overlap]: Silkscreen overlap
    Rule: board setup constraints silk; warning
[silk_overlap]: Silkscreen overlap
    Rule: board setup constraints silk; warning
[silk_overlap]: Silkscreen overlap
    Rule: board setup constraints silk; warning
[silk_overlap]: Silkscreen overlap
    Rule: board setup constraints silk; warning
[silk_overlap]: Silkscreen overlap
    Rule: board setup constraints silk; warning
[silk_overlap]: Silkscreen overlap
    Rule: board setup constraints silk; warning
[silk_overlap]: Silkscreen overlap
    Rule: board setup constraints silk; warning
[silk_overlap]: Silkscreen overlap
    Rule: board setup constraints silk; warning
[silk_overlap]: Silkscreen overlap
    Rule: board setup constraints silk; warning
[silk_overlap]: Silkscreen overlap
    Rule: board setup constraints silk; warning
[silk_overlap]: Silkscreen overlap
    Rule: board setup constraints silk; warning
[silk_overlap]: Silkscreen overlap
    Rule: board setup constraints silk; warning
[silk_overlap]: Silkscreen overlap
    Rule: board setup constraints silk; warning
[silk_overlap]: Silkscreen overlap
    Rule: board setup constraints silk; warning
[silk_overlap]: Silkscreen overlap
    Rule: board setup constraints silk; warning
[silk_overlap]: Silkscreen overlap
    Rule: board setup constraints silk; warning
[silk_overlap]: Silkscreen overlap
    Rule: board setup constraints silk; warning
[silk_overlap]: Silkscreen overlap
    Rule: board setup constraints silk; warning
[silk_overlap]: Silkscreen overlap
    Rule: board setup constraints silk; warning
[silk_overlap]: Silkscreen overlap
    Rule: board setup constraints silk; warning
[silk_overlap]: Silkscreen overlap
    Rule: board setup constraints silk; warning
[silk_overlap]: Silkscreen overlap
    Rule: board setup constraints silk; warning
[silk_overlap]: Silkscreen overlap
    Rule: board setup constraints silk; warning
[silk_overlap]: Silkscreen overlap
    Rule: board setup constraints silk; warning
[silk_overlap]: Silkscreen overlap
    Rule: board setup constraints silk; warning
[silk_overlap]: Silkscreen overlap
    Rule: board setup constraints silk; warning
[silk_overlap]: Silkscreen overlap
    Rule: board setup constraints silk; warning
[silk_overlap]: Silkscreen overlap
    Rule: board setup constraints silk; warning
    @(86.0200 mm, 109.0506 mm): Segment of C113 on F.Silkscreen
[silk_overlap]: Silkscreen overlap
    Rule: board setup constraints silk; warning
[silk_overlap]: Silkscreen overlap
    Rule: board setup constraints silk; warning
[silk_overlap]: Silkscreen overlap
    Rule: board setup constraints silk; warning
[silk_overlap]: Silkscreen overlap
    Rule: board setup constraints silk; warning
[silk_overlap]: Silkscreen overlap
    Rule: board setup constraints silk; warning
[silk_overlap]: Silkscreen overlap
    Rule: board setup constraints silk; warning
[silk_overlap]: Silkscreen overlap
    Rule: board setup constraints silk; warning
    @(82.7500 mm, 119.4500 mm): Segment of U3 on F.Silkscreen
[silk_overlap]: Silkscreen overlap
    Rule: board setup constraints silk; warning
[silk_overlap]: Silkscreen overlap
    Rule: board setup constraints silk; warning
[silk_overlap]: Silkscreen overlap
    Rule: board setup constraints silk; warning
[silk_overlap]: Silkscreen overlap
    Rule: board setup constraints silk; warning
[silk_overlap]: Silkscreen overlap
    Rule: board setup constraints silk; warning
    @(89.9936 mm, 111.2900 mm): Segment of R119 on F.Silkscreen
[silk_overlap]: Silkscreen overlap
    Rule: board setup constraints silk; warning
[silk_overlap]: Silkscreen overlap
    Rule: board setup constraints silk; warning
[silk_overlap]: Silkscreen overlap
    Rule: board setup constraints silk; warning
[silk_overlap]: Silkscreen overlap
    Rule: board setup constraints silk; warning
[silk_overlap]: Silkscreen overlap
    Rule: board setup constraints silk; warning
[silk_overlap]: Silkscreen overlap
    Rule: board setup constraints silk; warning
[silk_overlap]: Silkscreen overlap
    Rule: board setup constraints silk; warning
[silk_overlap]: Silkscreen overlap
    Rule: board setup constraints silk; warning
[silk_overlap]: Silkscreen overlap
    Rule: board setup constraints silk; warning
[silk_overlap]: Silkscreen overlap
    Rule: board setup constraints silk; warning
[silk_overlap]: Silkscreen overlap
    Rule: board setup constraints silk; warning
[silk_overlap]: Silkscreen overlap
    Rule: board setup constraints silk; warning
[silk_overlap]: Silkscreen overlap
    Rule: board setup constraints silk; warning
[silk_overlap]: Silkscreen overlap
    Rule: board setup constraints silk; warning
[silk_overlap]: Silkscreen overlap
    Rule: board setup constraints silk; warning
[silk_overlap]: Silkscreen overlap
    Rule: board setup constraints silk; warning
[silk_overlap]: Silkscreen overlap
    Rule: board setup constraints silk; warning
[silk_overlap]: Silkscreen overlap
    Rule: board setup constraints silk; warning
    @(88.5100 mm, 107.7100 mm): Polygon of U21 on F.Silkscreen
[silk_overlap]: Silkscreen overlap
    Rule: board setup constraints silk; warning
[silk_overlap]: Silkscreen overlap
    Rule: board setup constraints silk; warning
[silk_overlap]: Silkscreen overlap
    Rule: board setup constraints silk; warning
[silk_overlap]: Silkscreen overlap
    Rule: board setup constraints silk; warning
[silk_overlap]: Silkscreen overlap
    Rule: board setup constraints silk; warning
[silk_overlap]: Silkscreen overlap
    Rule: board setup constraints silk; warning
[silk_overlap]: Silkscreen overlap
    Rule: board setup constraints silk; warning
[silk_overlap]: Silkscreen overlap
    Rule: board setup constraints silk; warning
    @(86.3094 mm, 106.6600 mm): Segment of C112 on F.Silkscreen
[silk_overlap]: Silkscreen overlap
    Rule: board setup constraints silk; warning
[silk_overlap]: Silkscreen overlap
    Rule: board setup constraints silk; warning
    @(86.3094 mm, 105.6400 mm): Segment of C112 on F.Silkscreen
[silk_overlap]: Silkscreen overlap
    Rule: board setup constraints silk; warning
[silk_overlap]: Silkscreen overlap
    Rule: board setup constraints silk; warning
[silk_overlap]: Silkscreen overlap
    Rule: board setup constraints silk; warning
[silk_overlap]: Silkscreen overlap
    Rule: board setup constraints silk; warning
[silk_overlap]: Silkscreen overlap
    Rule: board setup constraints silk; warning
[silk_overlap]: Silkscreen overlap
    Rule: board setup constraints silk; warning
[silk_overlap]: Silkscreen overlap
    Rule: board setup constraints silk; warning
[silk_overlap]: Silkscreen overlap
    Rule: board setup constraints silk; warning
[silk_overlap]: Silkscreen overlap
    Rule: board setup constraints silk; warning
    @(89.5000 mm, 106.8800 mm): Reference field of U21
[silk_overlap]: Silkscreen overlap
    Rule: board setup constraints silk; warning
[silk_overlap]: Silkscreen overlap
    Rule: board setup constraints silk; warning
[silk_overlap]: Silkscreen overlap
    Rule: board setup constraints silk; warning
[silk_overlap]: Silkscreen overlap
    Rule: board setup constraints silk; warning
[silk_overlap]: Silkscreen overlap
    Rule: board setup constraints silk; warning
[silk_overlap]: Silkscreen overlap
    Rule: board setup constraints silk; warning
[silk_overlap]: Silkscreen overlap
    Rule: board setup constraints silk; warning
[silk_overlap]: Silkscreen overlap
    Rule: board setup constraints silk; warning
[silk_overlap]: Silkscreen overlap
    Rule: board setup constraints silk; warning
    @(89.5000 mm, 106.8800 mm): Reference field of U21
[silk_overlap]: Silkscreen overlap
    Rule: board setup constraints silk; warning
[silk_overlap]: Silkscreen overlap
    Rule: board setup constraints silk; warning
    @(87.8200 mm, 103.2106 mm): Segment of C111 on F.Silkscreen
[silk_overlap]: Silkscreen overlap
    Rule: board setup constraints silk; warning
[silk_overlap]: Silkscreen overlap
    Rule: board setup constraints silk; warning
[silk_overlap]: Silkscreen overlap
    Rule: board setup constraints silk; warning
    @(90.1150 mm, 104.5000 mm): Segment of U20 on F.Silkscreen
[silk_overlap]: Silkscreen overlap
    Rule: board setup constraints silk; warning
[silk_overlap]: Silkscreen overlap
    Rule: board setup constraints silk; warning
[silk_overlap]: Silkscreen overlap
    Rule: board setup constraints silk; warning
[silk_overlap]: Silkscreen overlap
    Rule: board setup constraints silk; warning
[silk_overlap]: Silkscreen overlap
    Rule: board setup constraints silk; warning
[silk_overlap]: Silkscreen overlap
    Rule: board setup constraints silk; warning
    @(88.8400 mm, 103.2106 mm): Segment of C111 on F.Silkscreen
[silk_overlap]: Silkscreen overlap
    Rule: board setup constraints silk; warning
[silk_overlap]: Silkscreen overlap
    Rule: board setup constraints silk; warning
[silk_overlap]: Silkscreen overlap
    Rule: board setup constraints silk; warning
[silk_overlap]: Silkscreen overlap
    Rule: board setup constraints silk; warning
[silk_overlap]: Silkscreen overlap
    Rule: board setup constraints silk; warning
[silk_overlap]: Silkscreen overlap
    Rule: board setup constraints silk; warning
[silk_overlap]: Silkscreen overlap
    Rule: board setup constraints silk; warning
[silk_overlap]: Silkscreen overlap
    Rule: board setup constraints silk; warning
[silk_overlap]: Silkscreen overlap
    Rule: board setup constraints silk; warning
[silk_overlap]: Silkscreen overlap
    Rule: board setup constraints silk; warning
[silk_overlap]: Silkscreen overlap
    Rule: board setup constraints silk; warning
[silk_overlap]: Silkscreen overlap
    Rule: board setup constraints silk; warning
[silk_overlap]: Silkscreen overlap
    Rule: board setup constraints silk; warning
[silk_overlap]: Silkscreen overlap
    Rule: board setup constraints silk; warning
[silk_overlap]: Silkscreen overlap
    Rule: board setup constraints silk; warning
[silk_overlap]: Silkscreen overlap
    Rule: board setup constraints silk; warning
[silk_overlap]: Silkscreen overlap
    Rule: board setup constraints silk; warning
[silk_overlap]: Silkscreen overlap
    Rule: board setup constraints silk; warning
[silk_overlap]: Silkscreen overlap
    Rule: board setup constraints silk; warning
[silk_overlap]: Silkscreen overlap
    Rule: board setup constraints silk; warning
[silk_overlap]: Silkscreen overlap
    Rule: board setup constraints silk; warning
[silk_overlap]: Silkscreen overlap
    Rule: board setup constraints silk; warning
[silk_overlap]: Silkscreen overlap
    Rule: board setup constraints silk; warning
[silk_overlap]: Silkscreen overlap
    Rule: board setup constraints silk; warning
[silk_overlap]: Silkscreen overlap
    Rule: board setup constraints silk; warning
[silk_overlap]: Silkscreen overlap
    Rule: board setup constraints silk; warning
[silk_overlap]: Silkscreen overlap
    Rule: board setup constraints silk; warning
[silk_overlap]: Silkscreen overlap
    Rule: board setup constraints silk; warning
[silk_overlap]: Silkscreen overlap
    Rule: board setup constraints silk; warning
[silk_overlap]: Silkscreen overlap
    Rule: board setup constraints silk; warning
[silk_overlap]: Silkscreen overlap
    Rule: board setup constraints silk; warning
[silk_overlap]: Silkscreen overlap
    Rule: board setup constraints silk; warning
[silk_overlap]: Silkscreen overlap
    Rule: board setup constraints silk; warning
[silk_overlap]: Silkscreen overlap
    Rule: board setup constraints silk; warning
[silk_overlap]: Silkscreen overlap
    Rule: board setup constraints silk; warning
[silk_overlap]: Silkscreen overlap
    Rule: board setup constraints silk; warning
[silk_overlap]: Silkscreen overlap
    Rule: board setup constraints silk; warning
[silk_overlap]: Silkscreen overlap
    Rule: board setup constraints silk; warning
[silk_overlap]: Silkscreen overlap
    Rule: board setup constraints silk; warning
[silk_overlap]: Silkscreen overlap
    Rule: board setup constraints silk; warning
[silk_overlap]: Silkscreen overlap
    Rule: board setup constraints silk; warning
    @(99.5700 mm, 106.8022 mm): Segment of C104 on F.Silkscreen
[silk_overlap]: Silkscreen overlap
    Rule: board setup constraints silk; warning
[silk_overlap]: Silkscreen overlap
    Rule: board setup constraints silk; warning
[silk_overlap]: Silkscreen overlap
    Rule: board setup constraints silk; warning
[silk_overlap]: Silkscreen overlap
    Rule: board setup constraints silk; warning
    @(100.2900 mm, 106.8022 mm): Segment of C104 on F.Silkscreen
[silk_overlap]: Silkscreen overlap
    Rule: board setup constraints silk; warning
    @(100.2900 mm, 106.8022 mm): Segment of C104 on F.Silkscreen
[silk_overlap]: Silkscreen overlap
    Rule: board setup constraints silk; warning
[silk_overlap]: Silkscreen overlap
    Rule: board setup constraints silk; warning
[silk_overlap]: Silkscreen overlap
    Rule: board setup constraints silk; warning
[silk_overlap]: Silkscreen overlap
    Rule: board setup constraints silk; warning
[silk_overlap]: Silkscreen overlap
    Rule: board setup constraints silk; warning
[silk_overlap]: Silkscreen overlap
    Rule: board setup constraints silk; warning
[silk_overlap]: Silkscreen overlap
    Rule: board setup constraints silk; warning
[silk_overlap]: Silkscreen overlap
    Rule: board setup constraints silk; warning
[silk_overlap]: Silkscreen overlap
    Rule: board setup constraints silk; warning
[silk_overlap]: Silkscreen overlap
    Rule: board setup constraints silk; warning
[silk_overlap]: Silkscreen overlap
    Rule: board setup constraints silk; warning
[silk_overlap]: Silkscreen overlap
    Rule: board setup constraints silk; warning
[silk_overlap]: Silkscreen overlap
    Rule: board setup constraints silk; warning
[silk_overlap]: Silkscreen overlap
    Rule: board setup constraints silk; warning
[silk_overlap]: Silkscreen overlap
    Rule: board setup constraints silk; warning
[silk_overlap]: Silkscreen overlap
    Rule: board setup constraints silk; warning
[silk_overlap]: Silkscreen overlap
    Rule: board setup constraints silk; warning
    @(103.6900 mm, 107.6464 mm): Segment of R115 on F.Silkscreen
[silk_overlap]: Silkscreen overlap
    Rule: board setup constraints silk; warning
    @(102.9300 mm, 107.6464 mm): Segment of R115 on F.Silkscreen
[silk_overlap]: Silkscreen overlap
    Rule: board setup constraints silk; warning
    @(102.9300 mm, 107.6464 mm): Segment of R115 on F.Silkscreen
[silk_overlap]: Silkscreen overlap
    Rule: board setup constraints silk; warning
    @(103.6900 mm, 107.6464 mm): Segment of R115 on F.Silkscreen
[silk_overlap]: Silkscreen overlap
    Rule: board setup constraints silk; warning
[silk_overlap]: Silkscreen overlap
    Rule: board setup constraints silk; warning
    @(103.6900 mm, 107.6464 mm): Segment of R115 on F.Silkscreen
[silk_overlap]: Silkscreen overlap
    Rule: board setup constraints silk; warning
[silk_overlap]: Silkscreen overlap
    Rule: board setup constraints silk; warning
[silk_overlap]: Silkscreen overlap
    Rule: board setup constraints silk; warning
[silk_overlap]: Silkscreen overlap
    Rule: board setup constraints silk; warning
[silk_overlap]: Silkscreen overlap
    Rule: board setup constraints silk; warning
[silk_overlap]: Silkscreen overlap
    Rule: board setup constraints silk; warning
[silk_overlap]: Silkscreen overlap
    Rule: board setup constraints silk; warning
[silk_overlap]: Silkscreen overlap
    Rule: board setup constraints silk; warning
[silk_overlap]: Silkscreen overlap
    Rule: board setup constraints silk; warning
[silk_overlap]: Silkscreen overlap
    Rule: board setup constraints silk; warning
[silk_overlap]: Silkscreen overlap
    Rule: board setup constraints silk; warning
[silk_overlap]: Silkscreen overlap
    Rule: board setup constraints silk; warning
[silk_overlap]: Silkscreen overlap
    Rule: board setup constraints silk; warning
[silk_overlap]: Silkscreen overlap
    Rule: board setup constraints silk; warning
[silk_overlap]: Silkscreen overlap
    Rule: board setup constraints silk; warning
[silk_overlap]: Silkscreen overlap
    Rule: board setup constraints silk; warning
[silk_overlap]: Silkscreen overlap
    Rule: board setup constraints silk; warning
[silk_overlap]: Silkscreen overlap
    Rule: board setup constraints silk; warning
[silk_overlap]: Silkscreen overlap
    Rule: board setup constraints silk; warning
[silk_overlap]: Silkscreen overlap
    Rule: board setup constraints silk; warning
    @(98.6500 mm, 107.7536 mm): Segment of R121 on F.Silkscreen
[silk_overlap]: Silkscreen overlap
    Rule: board setup constraints silk; warning
[silk_overlap]: Silkscreen overlap
    Rule: board setup constraints silk; warning
[silk_overlap]: Silkscreen overlap
    Rule: board setup constraints silk; warning
    @(98.6500 mm, 107.7536 mm): Segment of R121 on F.Silkscreen
[silk_overlap]: Silkscreen overlap
    Rule: board setup constraints silk; warning
[silk_overlap]: Silkscreen overlap
    Rule: board setup constraints silk; warning
[silk_overlap]: Silkscreen overlap
    Rule: board setup constraints silk; warning
[silk_overlap]: Silkscreen overlap
    Rule: board setup constraints silk; warning
[silk_overlap]: Silkscreen overlap
    Rule: board setup constraints silk; warning
[silk_overlap]: Silkscreen overlap
    Rule: board setup constraints silk; warning
[silk_overlap]: Silkscreen overlap
    Rule: board setup constraints silk; warning
[silk_over_copper]: Silkscreen clipped by solder mask
    Local override; warning
[silk_over_copper]: Silkscreen clipped by solder mask
    Local override; warning
[silk_over_copper]: Silkscreen clipped by solder mask
    Local override; warning
[silk_over_copper]: Silkscreen clipped by solder mask
    Local override; warning
[silk_over_copper]: Silkscreen clipped by solder mask
    Local override; warning
[silk_over_copper]: Silkscreen clipped by solder mask
    Local override; warning
[silk_over_copper]: Silkscreen clipped by solder mask
    Local override; warning
[silk_over_copper]: Silkscreen clipped by solder mask
    Local override; warning
[silk_over_copper]: Silkscreen clipped by solder mask
    Local override; warning
[silk_over_copper]: Silkscreen clipped by solder mask
    Local override; warning
[silk_over_copper]: Silkscreen clipped by solder mask
    Local override; warning
[silk_over_copper]: Silkscreen clipped by solder mask
    Local override; warning
[silk_over_copper]: Silkscreen clipped by solder mask
    Local override; warning
[silk_over_copper]: Silkscreen clipped by solder mask
    Local override; warning
[silk_over_copper]: Silkscreen clipped by solder mask
    Local override; warning
[silk_over_copper]: Silkscreen clipped by solder mask
    Local override; warning
[silk_over_copper]: Silkscreen clipped by solder mask
    Local override; warning
[silk_over_copper]: Silkscreen clipped by solder mask
    Local override; warning
[silk_over_copper]: Silkscreen clipped by solder mask
    Local override; warning
[silk_over_copper]: Silkscreen clipped by solder mask
    Local override; warning
[silk_over_copper]: Silkscreen clipped by solder mask
    Local override; warning
    @(99.5600 mm, 86.0000 mm): Reference field of U30
[silk_over_copper]: Silkscreen clipped by solder mask
    Local override; warning
[silk_over_copper]: Silkscreen clipped by solder mask
    Local override; warning
[silk_over_copper]: Silkscreen clipped by solder mask
    Local override; warning
[silk_over_copper]: Silkscreen clipped by solder mask
    Local override; warning
[silk_over_copper]: Silkscreen clipped by solder mask
    Local override; warning
[silk_over_copper]: Silkscreen clipped by solder mask
    Local override; warning
[silk_over_copper]: Silkscreen clipped by solder mask
    Local override; warning
[silk_over_copper]: Silkscreen clipped by solder mask
    Local override; warning
[silk_over_copper]: Silkscreen clipped by solder mask
    Local override; warning
[silk_over_copper]: Silkscreen clipped by solder mask
    Local override; warning
[silk_over_copper]: Silkscreen clipped by solder mask
    Local override; warning
[silk_over_copper]: Silkscreen clipped by solder mask
    Local override; warning
    @(114.6200 mm, 113.3600 mm): Reference field of Q11
[silk_over_copper]: Silkscreen clipped by solder mask
    Local override; warning
[silk_over_copper]: Silkscreen clipped by solder mask
    Local override; warning
[silk_over_copper]: Silkscreen clipped by solder mask
    Local override; warning
[silk_over_copper]: Silkscreen clipped by solder mask
    Local override; warning
[silk_over_copper]: Silkscreen clipped by solder mask
    Local override; warning
[silk_over_copper]: Silkscreen clipped by solder mask
    Local override; warning
[silk_over_copper]: Silkscreen clipped by solder mask
    Local override; warning
[silk_over_copper]: Silkscreen clipped by solder mask
    Local override; warning
[silk_over_copper]: Silkscreen clipped by solder mask
    Local override; warning
[silk_over_copper]: Silkscreen clipped by solder mask
    Local override; warning
[silk_over_copper]: Silkscreen clipped by solder mask
    Local override; warning
[silk_over_copper]: Silkscreen clipped by solder mask
    Local override; warning
    @(83.9300 mm, 74.7300 mm): Reference field of U4
[silk_over_copper]: Silkscreen clipped by solder mask
    Local override; warning
[silk_over_copper]: Silkscreen clipped by solder mask
    Local override; warning
[silk_over_copper]: Silkscreen clipped by solder mask
    Local override; warning
[silk_over_copper]: Silkscreen clipped by solder mask
    Local override; warning
[silk_over_copper]: Silkscreen clipped by solder mask
    Local override; warning
[silk_over_copper]: Silkscreen clipped by solder mask
    Local override; warning
[silk_over_copper]: Silkscreen clipped by solder mask
    Local override; warning
[silk_over_copper]: Silkscreen clipped by solder mask
    Local override; warning
[silk_over_copper]: Silkscreen clipped by solder mask
    Local override; warning
[silk_over_copper]: Silkscreen clipped by solder mask
    Local override; warning
[silk_over_copper]: Silkscreen clipped by solder mask
    Local override; warning
[silk_over_copper]: Silkscreen clipped by solder mask
    Local override; warning
[silk_over_copper]: Silkscreen clipped by solder mask
    Local override; warning
[silk_over_copper]: Silkscreen clipped by solder mask
    Local override; warning
[silk_over_copper]: Silkscreen clipped by solder mask
    Local override; warning
[silk_over_copper]: Silkscreen clipped by solder mask
    Local override; warning
[silk_over_copper]: Silkscreen clipped by solder mask
    Local override; warning
[silk_over_copper]: Silkscreen clipped by solder mask
    Local override; warning
[silk_over_copper]: Silkscreen clipped by solder mask
    Local override; warning
[silk_over_copper]: Silkscreen clipped by solder mask
    Local override; warning
[silk_over_copper]: Silkscreen clipped by solder mask
    Local override; warning
[silk_over_copper]: Silkscreen clipped by solder mask
    Local override; warning
[silk_over_copper]: Silkscreen clipped by solder mask
    Local override; warning
[silk_over_copper]: Silkscreen clipped by solder mask
    Local override; warning
[silk_over_copper]: Silkscreen clipped by solder mask
    Local override; warning
[silk_over_copper]: Silkscreen clipped by solder mask
    Local override; warning
[silk_over_copper]: Silkscreen clipped by solder mask
    Local override; warning
[silk_over_copper]: Silkscreen clipped by solder mask
    Local override; warning
[silk_over_copper]: Silkscreen clipped by solder mask
    Local override; warning
[silk_over_copper]: Silkscreen clipped by solder mask
    Local override; warning
[silk_over_copper]: Silkscreen clipped by solder mask
    Local override; warning
[silk_over_copper]: Silkscreen clipped by solder mask
    Local override; warning
[silk_over_copper]: Silkscreen clipped by solder mask
    Local override; warning
[silk_over_copper]: Silkscreen clipped by solder mask
    Local override; warning
[silk_over_copper]: Silkscreen clipped by solder mask
    Local override; warning
[silk_over_copper]: Silkscreen clipped by solder mask
    Local override; warning
[silk_over_copper]: Silkscreen clipped by solder mask
    Local override; warning
[silk_over_copper]: Silkscreen clipped by solder mask
    Local override; warning
[silk_over_copper]: Silkscreen clipped by solder mask
    Local override; warning
[silk_over_copper]: Silkscreen clipped by solder mask
    Local override; warning
[silk_over_copper]: Silkscreen clipped by solder mask
    Local override; warning
[silk_over_copper]: Silkscreen clipped by solder mask
    Local override; warning
[silk_over_copper]: Silkscreen clipped by solder mask
    Local override; warning
[silk_over_copper]: Silkscreen clipped by solder mask
    Local override; warning
[silk_over_copper]: Silkscreen clipped by solder mask
    Local override; warning
[silk_over_copper]: Silkscreen clipped by solder mask
    Local override; warning
[silk_over_copper]: Silkscreen clipped by solder mask
    Local override; warning
[silk_over_copper]: Silkscreen clipped by solder mask
    Local override; warning
[silk_over_copper]: Silkscreen clipped by solder mask
    Local override; warning
[silk_over_copper]: Silkscreen clipped by solder mask
    Local override; warning
[silk_over_copper]: Silkscreen clipped by solder mask
    Local override; warning
[silk_over_copper]: Silkscreen clipped by solder mask
    Local override; warning
[silk_over_copper]: Silkscreen clipped by solder mask
    Local override; warning
[silk_over_copper]: Silkscreen clipped by solder mask
    Local override; warning
[silk_over_copper]: Silkscreen clipped by solder mask
    Local override; warning
[silk_over_copper]: Silkscreen clipped by solder mask
    Local override; warning
[silk_over_copper]: Silkscreen clipped by solder mask
    Local override; warning
[silk_over_copper]: Silkscreen clipped by solder mask
    Local override; warning
[silk_over_copper]: Silkscreen clipped by solder mask
    Local override; warning
[silk_over_copper]: Silkscreen clipped by solder mask
    Local override; warning
[silk_over_copper]: Silkscreen clipped by solder mask
    Local override; warning
[silk_over_copper]: Silkscreen clipped by solder mask
    Local override; warning
[silk_over_copper]: Silkscreen clipped by solder mask
    Local override; warning
[silk_over_copper]: Silkscreen clipped by solder mask
    Local override; warning
[silk_over_copper]: Silkscreen clipped by solder mask
    Local override; warning
[silk_over_copper]: Silkscreen clipped by solder mask
    Local override; warning
[silk_over_copper]: Silkscreen clipped by solder mask
    Local override; warning
[silk_over_copper]: Silkscreen clipped by solder mask
    Local override; warning
[silk_over_copper]: Silkscreen clipped by solder mask
    Local override; warning
[silk_over_copper]: Silkscreen clipped by solder mask
    Local override; warning
[silk_over_copper]: Silkscreen clipped by solder mask
    Local override; warning
[silk_over_copper]: Silkscreen clipped by solder mask
    Local override; warning
[silk_over_copper]: Silkscreen clipped by solder mask
    Local override; warning
[silk_over_copper]: Silkscreen clipped by solder mask
    Local override; warning
[silk_over_copper]: Silkscreen clipped by solder mask
    Local override; warning
[silk_over_copper]: Silkscreen clipped by solder mask
    Local override; warning
[silk_over_copper]: Silkscreen clipped by solder mask
    Local override; warning
[silk_over_copper]: Silkscreen clipped by solder mask
    Local override; warning
[silk_over_copper]: Silkscreen clipped by solder mask
    Local override; warning
[silk_over_copper]: Silkscreen clipped by solder mask
    Local override; warning
[silk_over_copper]: Silkscreen clipped by solder mask
    Local override; warning
[silk_over_copper]: Silkscreen clipped by solder mask
    Local override; warning
[silk_over_copper]: Silkscreen clipped by solder mask
    Local override; warning
    @(92.7000 mm, 103.7900 mm): Reference field of U20
[silk_over_copper]: Silkscreen clipped by solder mask
    Local override; warning
[silk_over_copper]: Silkscreen clipped by solder mask
    Local override; warning
[silk_over_copper]: Silkscreen clipped by solder mask
    Local override; warning
[silk_over_copper]: Silkscreen clipped by solder mask
    Local override; warning
[silk_over_copper]: Silkscreen clipped by solder mask
    Local override; warning
[silk_over_copper]: Silkscreen clipped by solder mask
    Local override; warning
[silk_over_copper]: Silkscreen clipped by solder mask
    Local override; warning
[silk_over_copper]: Silkscreen clipped by solder mask
    Local override; warning
[silk_over_copper]: Silkscreen clipped by solder mask
    Local override; warning
[silk_over_copper]: Silkscreen clipped by solder mask
    Local override; warning
[silk_over_copper]: Silkscreen clipped by solder mask
    Local override; warning
[silk_over_copper]: Silkscreen clipped by solder mask
    Local override; warning
    @(95.7200 mm, 69.4200 mm): Reference field of U10
[silk_over_copper]: Silkscreen clipped by solder mask
    Local override; warning
[silk_over_copper]: Silkscreen clipped by solder mask
    Local override; warning
[silk_over_copper]: Silkscreen clipped by solder mask
    Local override; warning
[silk_over_copper]: Silkscreen clipped by solder mask
    Local override; warning
[silk_over_copper]: Silkscreen clipped by solder mask
    Local override; warning
[silk_over_copper]: Silkscreen clipped by solder mask
    Local override; warning
[silk_over_copper]: Silkscreen clipped by solder mask
    Local override; warning
[silk_over_copper]: Silkscreen clipped by solder mask
    Local override; warning
[silk_over_copper]: Silkscreen clipped by solder mask
    Local override; warning
[silk_over_copper]: Silkscreen clipped by solder mask
    Local override; warning
[silk_over_copper]: Silkscreen clipped by solder mask
    Local override; warning
[silk_over_copper]: Silkscreen clipped by solder mask
    Local override; warning
[silk_over_copper]: Silkscreen clipped by solder mask
    Local override; warning
[silk_over_copper]: Silkscreen clipped by solder mask
    Local override; warning
[silk_over_copper]: Silkscreen clipped by solder mask
    Local override; warning
[silk_over_copper]: Silkscreen clipped by solder mask
    Local override; warning
[silk_over_copper]: Silkscreen clipped by solder mask
    Local override; warning
[silk_over_copper]: Silkscreen clipped by solder mask
    Local override; warning
[silk_over_copper]: Silkscreen clipped by solder mask
    Local override; warning
[silk_over_copper]: Silkscreen clipped by solder mask
    Local override; warning
[silk_over_copper]: Silkscreen clipped by solder mask
    Local override; warning
[silk_over_copper]: Silkscreen clipped by solder mask
    Local override; warning
[silk_over_copper]: Silkscreen clipped by solder mask
    Local override; warning
[silk_over_copper]: Silkscreen clipped by solder mask
    Local override; warning
[silk_over_copper]: Silkscreen clipped by solder mask
    Local override; warning
[silk_over_copper]: Silkscreen clipped by solder mask
    Local override; warning
[silk_over_copper]: Silkscreen clipped by solder mask
    Local override; warning
[silk_over_copper]: Silkscreen clipped by solder mask
    Local override; warning
[silk_over_copper]: Silkscreen clipped by solder mask
    Local override; warning
[silk_over_copper]: Silkscreen clipped by solder mask
    Local override; warning
[silk_over_copper]: Silkscreen clipped by solder mask
    Local override; warning
[silk_over_copper]: Silkscreen clipped by solder mask
    Local override; warning
[silk_over_copper]: Silkscreen clipped by solder mask
    Local override; warning
[silk_over_copper]: Silkscreen clipped by solder mask
    Local override; warning
[silk_over_copper]: Silkscreen clipped by solder mask
    Local override; warning
[silk_over_copper]: Silkscreen clipped by solder mask
    Local override; warning
[silk_over_copper]: Silkscreen clipped by solder mask
    Local override; warning
[silk_over_copper]: Silkscreen clipped by solder mask
    Local override; warning
[silk_over_copper]: Silkscreen clipped by solder mask
    Local override; warning
[silk_over_copper]: Silkscreen clipped by solder mask
    Local override; warning
[silk_over_copper]: Silkscreen clipped by solder mask
    Local override; warning
[silk_over_copper]: Silkscreen clipped by solder mask
    Local override; warning
[silk_over_copper]: Silkscreen clipped by solder mask
    Local override; warning
[silk_over_copper]: Silkscreen clipped by solder mask
    Local override; warning
[silk_over_copper]: Silkscreen clipped by solder mask
    Local override; warning
[silk_over_copper]: Silkscreen clipped by solder mask
    Local override; warning
[silk_over_copper]: Silkscreen clipped by solder mask
    Local override; warning
[silk_over_copper]: Silkscreen clipped by solder mask
    Local override; warning
[silk_over_copper]: Silkscreen clipped by solder mask
    Local override; warning
[silk_over_copper]: Silkscreen clipped by solder mask
    Local override; warning
[silk_over_copper]: Silkscreen clipped by solder mask
    Local override; warning
[silk_over_copper]: Silkscreen clipped by solder mask
    Local override; warning
[silk_over_copper]: Silkscreen clipped by solder mask
    Local override; warning
[silk_over_copper]: Silkscreen clipped by solder mask
    Local override; warning
[silk_over_copper]: Silkscreen clipped by solder mask
    Local override; warning
[silk_over_copper]: Silkscreen clipped by solder mask
    Local override; warning
[silk_over_copper]: Silkscreen clipped by solder mask
    Local override; warning
[silk_over_copper]: Silkscreen clipped by solder mask
    Local override; warning
[silk_over_copper]: Silkscreen clipped by solder mask
    Local override; warning
[text_height]: Text height out of range (board setup constraints silk text height min height 0.8000 mm; actual 0.6000 mm)
    Rule: board setup constraints silk text height; warning
    @(99.5600 mm, 86.0000 mm): Reference field of U30
[text_height]: Text height out of range (board setup constraints silk text height min height 0.8000 mm; actual 0.6000 mm)
    Rule: board setup constraints silk text height; warning
    @(114.6200 mm, 113.3600 mm): Reference field of Q11
[text_height]: Text height out of range (board setup constraints silk text height min height 0.8000 mm; actual 0.6000 mm)
    Rule: board setup constraints silk text height; warning
    @(83.9300 mm, 74.7300 mm): Reference field of U4
[text_height]: Text height out of range (board setup constraints silk text height min height 0.8000 mm; actual 0.6000 mm)
    Rule: board setup constraints silk text height; warning
    @(114.3500 mm, 85.2200 mm): Reference field of X1
[text_height]: Text height out of range (board setup constraints silk text height min height 0.8000 mm; actual 0.6000 mm)
    Rule: board setup constraints silk text height; warning
    @(92.5500 mm, 85.4600 mm): Reference field of X2
[text_height]: Text height out of range (board setup constraints silk text height min height 0.8000 mm; actual 0.6000 mm)
    Rule: board setup constraints silk text height; warning
    @(83.4000 mm, 120.2500 mm): Reference field of U3
[text_height]: Text height out of range (board setup constraints silk text height min height 0.8000 mm; actual 0.6000 mm)
    Rule: board setup constraints silk text height; warning
    @(92.7000 mm, 103.7900 mm): Reference field of U20
[text_height]: Text height out of range (board setup constraints silk text height min height 0.8000 mm; actual 0.6000 mm)
    Rule: board setup constraints silk text height; warning
    @(95.7200 mm, 69.4200 mm): Reference field of U10
[text_height]: Text height out of range (board setup constraints silk text height min height 0.8000 mm; actual 0.6000 mm)
    Rule: board setup constraints silk text height; warning
    @(118.0000 mm, 128.8000 mm): Reference field of Q10
[text_height]: Text height out of range (board setup constraints silk text height min height 0.8000 mm; actual 0.6000 mm)
    Rule: board setup constraints silk text height; warning
    @(109.3100 mm, 79.9400 mm): Reference field of U32
[text_height]: Text height out of range (board setup constraints silk text height min height 0.8000 mm; actual 0.6000 mm)
    Rule: board setup constraints silk text height; warning
    @(85.1200 mm, 71.1100 mm): Reference field of U34
[text_height]: Text height out of range (board setup constraints silk text height min height 0.8000 mm; actual 0.6000 mm)
    Rule: board setup constraints silk text height; warning
    @(97.6300 mm, 104.0200 mm): Reference field of U22
[text_height]: Text height out of range (board setup constraints silk text height min height 0.8000 mm; actual 0.6000 mm)
    Rule: board setup constraints silk text height; warning
    @(89.5000 mm, 106.8800 mm): Reference field of U21
[text_height]: Text height out of range (board setup constraints silk text height min height 0.8000 mm; actual 0.6000 mm)
    Rule: board setup constraints silk text height; warning
    @(90.4400 mm, 104.6900 mm): Reference field of L20
[text_height]: Text height out of range (board setup constraints silk text height min height 0.8000 mm; actual 0.6000 mm)
    Rule: board setup constraints silk text height; warning
    @(106.0000 mm, 74.5700 mm): Reference field of U33
[text_height]: Text height out of range (board setup constraints silk text height min height 0.8000 mm; actual 0.6000 mm)
    Rule: board setup constraints silk text height; warning
    @(100.0000 mm, 93.3000 mm): Reference field of J20
[text_height]: Text height out of range (board setup constraints silk text height min height 0.8000 mm; actual 0.6000 mm)
    Rule: board setup constraints silk text height; warning
    @(115.3600 mm, 136.7300 mm): Reference field of U12
[text_height]: Text height out of range (board setup constraints silk text height min height 0.8000 mm; actual 0.6000 mm)
    Rule: board setup constraints silk text height; warning
    @(105.2600 mm, 86.7100 mm): Reference field of U17
[text_height]: Text height out of range (board setup constraints silk text height min height 0.8000 mm; actual 0.6000 mm)
    Rule: board setup constraints silk text height; warning
    @(108.8800 mm, 88.2900 mm): Reference field of Q20
[text_height]: Text height out of range (board setup constraints silk text height min height 0.8000 mm; actual 0.6000 mm)
    Rule: board setup constraints silk text height; warning
    @(103.6400 mm, 75.9700 mm): Reference field of U31
[text_height]: Text height out of range (board setup constraints silk text height min height 0.8000 mm; actual 0.6000 mm)
    Rule: board setup constraints silk text height; warning
    @(95.0800 mm, 64.8000 mm): Reference field of J4
[text_height]: Text height out of range (board setup constraints silk text height min height 0.8000 mm; actual 0.6000 mm)
    Rule: board setup constraints silk text height; warning
    @(87.5000 mm, 71.5000 mm): Reference field of D4
[text_height]: Text height out of range (board setup constraints silk text height min height 0.8000 mm; actual 0.6000 mm)
    Rule: board setup constraints silk text height; warning
    @(96.8000 mm, 130.6000 mm): Reference field of U5
[text_height]: Text height out of range (board setup constraints silk text height min height 0.8000 mm; actual 0.6000 mm)
    Rule: board setup constraints silk text height; warning
    @(101.4000 mm, 130.6000 mm): Reference field of D10
[text_height]: Text height out of range (board setup constraints silk text height min height 0.8000 mm; actual 0.6000 mm)
    Rule: board setup constraints silk text height; warning
    @(106.0000 mm, 51.4500 mm): Reference field of U15
[text_height]: Text height out of range (board setup constraints silk text height min height 0.8000 mm; actual 0.6000 mm)
    Rule: board setup constraints silk text height; warning
    @(106.2000 mm, 130.4000 mm): Reference field of Q1
[text_height]: Text height out of range (board setup constraints silk text height min height 0.8000 mm; actual 0.6000 mm)
    Rule: board setup constraints silk text height; warning
    @(85.4000 mm, 75.3000 mm): Reference field of BT1
[text_height]: Text height out of range (board setup constraints silk text height min height 0.8000 mm; actual 0.6000 mm)
    Rule: board setup constraints silk text height; warning
    @(89.6100 mm, 127.6750 mm): Reference field of J1
[text_height]: Text height out of range (board setup constraints silk text height min height 0.8000 mm; actual 0.6000 mm)
    Rule: board setup constraints silk text height; warning
    @(90.9600 mm, 75.3920 mm): Reference field of U16
[text_height]: Text height out of range (board setup constraints silk text height min height 0.8000 mm; actual 0.6000 mm)
    Rule: board setup constraints silk text height; warning
    @(97.9000 mm, 135.1000 mm): Reference field of J21
[text_height]: Text height out of range (board setup constraints silk text height min height 0.8000 mm; actual 0.6000 mm)
    Rule: board setup constraints silk text height; warning
    @(111.3750 mm, 132.3550 mm): Reference field of J6
[text_height]: Text height out of range (board setup constraints silk text height min height 0.8000 mm; actual 0.6000 mm)
    Rule: board setup constraints silk text height; warning
    @(112.8000 mm, 129.8000 mm): Reference field of SW1
[lib_footprint_mismatch]: Footprint 'GCT_USB4510-03-1-A_REVA' does not match copy in library 'Hauptplatine'.
    Local override; warning
    @(109.0000 mm, 141.4000 mm): Footprint J6
[silk_edge_clearance]: Silkscreen clipped by board edge
    Rule: board setup constraints silk; warning
    @(81.5000 mm, 139.0000 mm): Segment on Edge.Cuts
[silk_edge_clearance]: Silkscreen clipped by board edge
    Rule: board setup constraints silk; warning
    @(81.5000 mm, 139.0000 mm): Segment on Edge.Cuts
[silk_edge_clearance]: Silkscreen clipped by board edge
    Rule: board setup constraints silk; warning
    @(118.5000 mm, 61.0000 mm): Segment on Edge.Cuts
[silk_edge_clearance]: Silkscreen clipped by board edge
    Rule: board setup constraints silk; warning
    @(118.5000 mm, 61.0000 mm): Segment on Edge.Cuts
[silk_edge_clearance]: Silkscreen clipped by board edge
    Rule: board setup constraints silk; warning
    @(118.5000 mm, 61.0000 mm): Segment on Edge.Cuts
[silk_edge_clearance]: Silkscreen clipped by board edge
    Rule: board setup constraints silk; warning
    @(81.5000 mm, 139.0000 mm): Segment on Edge.Cuts
[silk_edge_clearance]: Silkscreen clipped by board edge
    Rule: board setup constraints silk; warning
    @(81.5000 mm, 139.0000 mm): Segment on Edge.Cuts
[silk_edge_clearance]: Silkscreen clipped by board edge
    Rule: board setup constraints silk; warning
    @(118.5000 mm, 61.0000 mm): Segment on Edge.Cuts
[silk_edge_clearance]: Silkscreen clipped by board edge
    Rule: board setup constraints silk; warning
    @(118.5000 mm, 61.0000 mm): Segment on Edge.Cuts
[silk_edge_clearance]: Silkscreen clipped by board edge
    Rule: board setup constraints silk; warning
    @(118.5000 mm, 61.0000 mm): Segment on Edge.Cuts
[silk_edge_clearance]: Silkscreen clipped by board edge
    Rule: board setup constraints silk; warning
    @(118.5000 mm, 61.0000 mm): Segment on Edge.Cuts
[silk_edge_clearance]: Silkscreen clipped by board edge
    Rule: board setup constraints silk; warning
    @(118.5000 mm, 61.0000 mm): Segment on Edge.Cuts
[silk_edge_clearance]: Silkscreen clipped by board edge
    Rule: board setup constraints silk; warning
    @(118.5000 mm, 61.0000 mm): Segment on Edge.Cuts
[silk_edge_clearance]: Silkscreen clipped by board edge
    Rule: board setup constraints silk; warning
    @(118.5000 mm, 61.0000 mm): Segment on Edge.Cuts
[silk_edge_clearance]: Silkscreen clipped by board edge
    Rule: board setup constraints silk; warning
    @(118.5000 mm, 61.0000 mm): Segment on Edge.Cuts
[silk_edge_clearance]: Silkscreen clipped by board edge
    Rule: board setup constraints silk; warning
    @(118.5000 mm, 61.0000 mm): Segment on Edge.Cuts
[silk_edge_clearance]: Silkscreen clipped by board edge
    Rule: board setup constraints silk; warning
    @(81.5000 mm, 139.0000 mm): Segment on Edge.Cuts
[silk_edge_clearance]: Silkscreen clipped by board edge
    Rule: board setup constraints silk; warning
    @(81.5000 mm, 139.0000 mm): Segment on Edge.Cuts
[silk_edge_clearance]: Silkscreen clipped by board edge
    Rule: board setup constraints silk; warning
    @(81.5000 mm, 139.0000 mm): Segment on Edge.Cuts
[silk_edge_clearance]: Silkscreen clipped by board edge
    Rule: board setup constraints silk; warning
    @(81.5000 mm, 139.0000 mm): Segment on Edge.Cuts
[silk_edge_clearance]: Silkscreen clipped by board edge
    Rule: board setup constraints silk; warning
    @(118.5000 mm, 61.0000 mm): Segment on Edge.Cuts
[silk_edge_clearance]: Silkscreen clipped by board edge
    Rule: board setup constraints silk; warning
    @(118.5000 mm, 61.0000 mm): Segment on Edge.Cuts
[silk_edge_clearance]: Silkscreen clipped by board edge
    Rule: board setup constraints silk; warning
    @(81.5000 mm, 139.0000 mm): Segment on Edge.Cuts
[silk_edge_clearance]: Silkscreen clipped by board edge
    Rule: board setup constraints silk; warning
    @(81.5000 mm, 139.0000 mm): Segment on Edge.Cuts
[silk_edge_clearance]: Silkscreen clipped by board edge
    Rule: board setup constraints silk; warning
    @(118.5000 mm, 61.0000 mm): Segment on Edge.Cuts
[silk_edge_clearance]: Silkscreen clipped by board edge
    Rule: board setup constraints silk; warning
    @(118.5000 mm, 61.0000 mm): Segment on Edge.Cuts
[silk_edge_clearance]: Silkscreen clipped by board edge
    Rule: board setup constraints silk; warning
    @(118.5000 mm, 61.0000 mm): Segment on Edge.Cuts
[silk_edge_clearance]: Silkscreen clipped by board edge
    Rule: board setup constraints silk; warning
    @(118.5000 mm, 61.0000 mm): Segment on Edge.Cuts
[silk_edge_clearance]: Silkscreen clipped by board edge
    Rule: board setup constraints silk; warning
    @(118.5000 mm, 61.0000 mm): Segment on Edge.Cuts
[silk_edge_clearance]: Silkscreen clipped by board edge
    Rule: board setup constraints silk; warning
    @(118.5000 mm, 61.0000 mm): Segment on Edge.Cuts
[silk_edge_clearance]: Silkscreen clipped by board edge
    Rule: board setup constraints silk; warning
    @(91.4000 mm, 143.0000 mm): Segment on Edge.Cuts
[silk_edge_clearance]: Silkscreen clipped by board edge
    Rule: board setup constraints silk; warning
    @(118.5000 mm, 61.0000 mm): Segment on Edge.Cuts
[silk_edge_clearance]: Silkscreen clipped by board edge
    Rule: board setup constraints silk; warning
    @(118.5000 mm, 61.0000 mm): Segment on Edge.Cuts
[silk_edge_clearance]: Silkscreen clipped by board edge
    Rule: board setup constraints silk; warning
    @(118.5000 mm, 61.0000 mm): Segment on Edge.Cuts
[silk_edge_clearance]: Silkscreen clipped by board edge
    Rule: board setup constraints silk; warning
    @(118.5000 mm, 61.0000 mm): Segment on Edge.Cuts
[silk_edge_clearance]: Silkscreen clipped by board edge
    Rule: board setup constraints silk; warning
    @(118.5000 mm, 61.0000 mm): Segment on Edge.Cuts
[silk_edge_clearance]: Silkscreen clipped by board edge
    Rule: board setup constraints silk; warning
    @(91.4000 mm, 143.0000 mm): Segment on Edge.Cuts
[silk_edge_clearance]: Silkscreen clipped by board edge
    Rule: board setup constraints silk; warning
    @(118.5000 mm, 61.0000 mm): Segment on Edge.Cuts
[silk_edge_clearance]: Silkscreen clipped by board edge
    Rule: board setup constraints silk; warning
    @(118.5000 mm, 61.0000 mm): Segment on Edge.Cuts
[silk_edge_clearance]: Silkscreen clipped by board edge
    Rule: board setup constraints silk; warning
    @(118.5000 mm, 61.0000 mm): Segment on Edge.Cuts
[silk_edge_clearance]: Silkscreen clipped by board edge
    Rule: board setup constraints silk; warning
    @(118.5000 mm, 61.0000 mm): Segment on Edge.Cuts
[silk_edge_clearance]: Silkscreen clipped by board edge
    Rule: board setup constraints silk; warning
    @(81.5000 mm, 139.0000 mm): Segment on Edge.Cuts
[silk_edge_clearance]: Silkscreen clipped by board edge
    Rule: board setup constraints silk; warning
    @(118.5000 mm, 61.0000 mm): Segment on Edge.Cuts
[silk_edge_clearance]: Silkscreen clipped by board edge
    Rule: board setup constraints silk; warning
    @(118.5000 mm, 61.0000 mm): Segment on Edge.Cuts
[silk_edge_clearance]: Silkscreen clipped by board edge
    Rule: board setup constraints silk; warning
    @(118.5000 mm, 61.0000 mm): Segment on Edge.Cuts
[silk_edge_clearance]: Silkscreen clipped by board edge
    Rule: board setup constraints silk; warning
    @(118.5000 mm, 61.0000 mm): Segment on Edge.Cuts
[silk_edge_clearance]: Silkscreen clipped by board edge
    Rule: board setup constraints silk; warning
    @(118.5000 mm, 61.0000 mm): Segment on Edge.Cuts
[silk_edge_clearance]: Silkscreen clipped by board edge
    Rule: board setup constraints silk; warning
    @(81.5000 mm, 139.0000 mm): Segment on Edge.Cuts
[silk_edge_clearance]: Silkscreen clipped by board edge
    Rule: board setup constraints silk; warning
    @(118.5000 mm, 61.0000 mm): Segment on Edge.Cuts
[silk_edge_clearance]: Silkscreen clipped by board edge
    Rule: board setup constraints silk; warning
    @(81.5000 mm, 139.0000 mm): Segment on Edge.Cuts
[silk_edge_clearance]: Silkscreen clipped by board edge
    Rule: board setup constraints silk; warning
    @(118.5000 mm, 61.0000 mm): Segment on Edge.Cuts
[silk_edge_clearance]: Silkscreen clipped by board edge
    Rule: board setup constraints silk; warning
    @(118.5000 mm, 61.0000 mm): Segment on Edge.Cuts
[silk_edge_clearance]: Silkscreen clipped by board edge
    Rule: board setup constraints silk; warning
    @(81.5000 mm, 139.0000 mm): Segment on Edge.Cuts
[silk_edge_clearance]: Silkscreen clipped by board edge
    Rule: board setup constraints silk; warning
    @(117.5920 mm, 141.5376 mm): Segment on Edge.Cuts
[silk_edge_clearance]: Silkscreen clipped by board edge
    Rule: board setup constraints silk; warning
    @(81.5000 mm, 139.0000 mm): Segment on Edge.Cuts
[silk_edge_clearance]: Silkscreen clipped by board edge
    Rule: board setup constraints silk; warning
    @(118.5000 mm, 61.0000 mm): Segment on Edge.Cuts
[silk_edge_clearance]: Silkscreen clipped by board edge
    Rule: board setup constraints silk; warning
    @(118.5000 mm, 61.0000 mm): Segment on Edge.Cuts
[silk_edge_clearance]: Silkscreen clipped by board edge
    Rule: board setup constraints silk; warning
    @(81.5000 mm, 139.0000 mm): Segment on Edge.Cuts
[silk_edge_clearance]: Silkscreen clipped by board edge
    Rule: board setup constraints silk; warning
    @(118.5000 mm, 61.0000 mm): Segment on Edge.Cuts
[silk_edge_clearance]: Silkscreen clipped by board edge
    Rule: board setup constraints silk; warning
    @(81.5000 mm, 139.0000 mm): Segment on Edge.Cuts
[silk_edge_clearance]: Silkscreen clipped by board edge
    Rule: board setup constraints silk; warning
    @(81.5000 mm, 139.0000 mm): Segment on Edge.Cuts
[silk_edge_clearance]: Silkscreen clipped by board edge
    Rule: board setup constraints silk; warning
    @(118.5000 mm, 61.0000 mm): Segment on Edge.Cuts
[silk_edge_clearance]: Silkscreen clipped by board edge
    Rule: board setup constraints silk; warning
    @(81.5000 mm, 139.0000 mm): Segment on Edge.Cuts
[silk_edge_clearance]: Silkscreen clipped by board edge
    Rule: board setup constraints silk; warning
    @(81.5000 mm, 139.0000 mm): Segment on Edge.Cuts
[silk_edge_clearance]: Silkscreen clipped by board edge
    Rule: board setup constraints silk; warning
    @(82.1741 mm, 58.7777 mm): Segment on Edge.Cuts
    @(82.0800 mm, 58.6900 mm): Segment of J4 on B.Silkscreen
[silk_edge_clearance]: Silkscreen clipped by board edge
    Rule: board setup constraints silk; warning
    @(81.9723 mm, 59.1144 mm): Segment on Edge.Cuts
    @(82.0800 mm, 59.9200 mm): Segment of J4 on B.Silkscreen
[silk_edge_clearance]: Silkscreen clipped by board edge
    Rule: board setup constraints silk; warning
    @(91.4000 mm, 134.8000 mm): Segment on Edge.Cuts
[silk_edge_clearance]: Silkscreen clipped by board edge
    Rule: board setup constraints silk; warning
    @(91.4000 mm, 134.8000 mm): Segment on Edge.Cuts
[silk_edge_clearance]: Silkscreen clipped by board edge
    Rule: board setup constraints silk; warning
    @(118.5000 mm, 61.0000 mm): Segment on Edge.Cuts
[silk_edge_clearance]: Silkscreen clipped by board edge
    Rule: board setup constraints silk; warning
    @(81.5000 mm, 139.0000 mm): Segment on Edge.Cuts
[silk_edge_clearance]: Silkscreen clipped by board edge
    Rule: board setup constraints silk; warning
    @(84.6000 mm, 136.1000 mm): Segment on Edge.Cuts
[silk_edge_clearance]: Silkscreen clipped by board edge
    Rule: board setup constraints silk; warning
    @(81.5769 mm, 139.7804 mm): Segment on Edge.Cuts
[silk_edge_clearance]: Silkscreen clipped by board edge
    Rule: board setup constraints silk; warning
    @(91.4000 mm, 143.0000 mm): Segment on Edge.Cuts
[silk_edge_clearance]: Silkscreen clipped by board edge
    Rule: board setup constraints silk; warning
    @(84.3389 mm, 142.8278 mm): Segment on Edge.Cuts
    @(84.2450 mm, 141.5700 mm): Segment of J1 on B.Silkscreen
[silk_edge_clearance]: Silkscreen clipped by board edge
    Rule: board setup constraints silk; warning
    @(91.4000 mm, 143.0000 mm): Segment on Edge.Cuts
    @(84.2450 mm, 143.0000 mm): Segment of J1 on B.Silkscreen
[silk_edge_clearance]: Silkscreen clipped by board edge
    Rule: board setup constraints silk; warning
    @(91.4000 mm, 134.8000 mm): Segment on Edge.Cuts
    @(85.0150 mm, 131.0000 mm): Segment of J1 on B.Silkscreen
[silk_edge_clearance]: Silkscreen clipped by board edge
    Rule: board setup constraints silk; warning
    @(104.3800 mm, 143.0000 mm): Segment on Edge.Cuts
    @(91.7450 mm, 143.0000 mm): Segment of J1 on B.Silkscreen
[silk_edge_clearance]: Silkscreen clipped by board edge
    Rule: board setup constraints silk; warning
    @(104.3800 mm, 137.6000 mm): Segment on Edge.Cuts
[silk_edge_clearance]: Silkscreen clipped by board edge
    Rule: board setup constraints silk; warning
    @(104.3800 mm, 143.0000 mm): Segment on Edge.Cuts
    @(94.7500 mm, 143.3000 mm): Segment of J21 on B.Silkscreen
[silk_edge_clearance]: Silkscreen clipped by board edge
    Rule: board setup constraints silk; warning
    @(104.3800 mm, 143.0000 mm): Segment on Edge.Cuts
    @(101.0500 mm, 141.5600 mm): Segment of J21 on B.Silkscreen
[silk_edge_clearance]: Silkscreen clipped by board edge
    Rule: board setup constraints silk; warning
    @(104.3800 mm, 137.6000 mm): Segment on Edge.Cuts

** Found 274 unconnected pads **
[unconnected_items]: Missing connection between items
    Local override; error
    @(83.4800 mm, 73.6950 mm): Pad 2 [3V3] of C35 on F.Cu
    @(85.0300 mm, 72.1300 mm): Pad 1 [3V3] of C260 on F.Cu
[unconnected_items]: Missing connection between items
    Local override; error
    @(85.0300 mm, 72.1300 mm): Pad 1 [3V3] of C260 on F.Cu
    @(86.4200 mm, 70.2225 mm): Pad 6 [3V3] of U34 on F.Cu
[unconnected_items]: Missing connection between items
    Local override; error
    @(85.2300 mm, 75.6175 mm): Pad 1 [3V3] of U4 on F.Cu
    @(83.4800 mm, 73.6950 mm): Pad 2 [3V3] of C35 on F.Cu
[unconnected_items]: Missing connection between items
    Local override; error
    @(86.4200 mm, 70.2225 mm): Pad 6 [3V3] of U34 on F.Cu
    @(87.7200 mm, 70.2225 mm): Pad 4 [3V3] of U34 on F.Cu
[unconnected_items]: Missing connection between items
    Local override; error
    @(87.7200 mm, 70.2225 mm): Pad 4 [3V3] of U34 on F.Cu
    @(93.3400 mm, 68.9650 mm): Pad 1 [3V3] of R43 on F.Cu
[unconnected_items]: Missing connection between items
    Local override; error
    @(90.3500 mm, 110.9100 mm): Pad 1 [3V3] of R119 on F.Cu
    @(95.9300 mm, 108.3900 mm): Pad 1 [3V3] of R120 on F.Cu
[unconnected_items]: Missing connection between items
    Local override; error
    @(92.0200 mm, 74.7750 mm): Pad 1 [3V3] of R38 on F.Cu
    @(91.9600 mm, 76.7500 mm): Pad 1 [3V3] of U16 on B.Cu
[unconnected_items]: Missing connection between items
    Local override; error
    @(93.0200 mm, 78.0850 mm): Pad 1 [3V3] of R36 on F.Cu
    @(91.9600 mm, 76.7500 mm): Pad 1 [3V3] of U16 on B.Cu
[unconnected_items]: Missing connection between items
    Local override; error
    @(93.0200 mm, 78.0850 mm): Pad 1 [3V3] of R36 on F.Cu
    @(91.1850 mm, 79.8200 mm): Pad 1 [3V3] of C23 on F.Cu
[unconnected_items]: Missing connection between items
    Local override; error
    @(93.3400 mm, 68.9650 mm): Pad 1 [3V3] of R43 on F.Cu
    @(94.5750 mm, 73.8000 mm): Pad 1 [3V3] of C29 on B.Cu
[unconnected_items]: Missing connection between items
    Local override; error
    @(94.5750 mm, 73.8000 mm): Pad 1 [3V3] of C29 on B.Cu
    @(92.0200 mm, 74.7750 mm): Pad 1 [3V3] of R38 on F.Cu
[unconnected_items]: Missing connection between items
    Local override; error
    @(94.8300 mm, 77.9850 mm): Pad 1 [3V3] of R41 on F.Cu
    @(93.0200 mm, 78.0850 mm): Pad 1 [3V3] of R36 on F.Cu
[unconnected_items]: Missing connection between items
    Local override; error
    @(95.9300 mm, 108.3900 mm): Pad 1 [3V3] of R120 on F.Cu
    @(98.2700 mm, 108.1100 mm): Pad 1 [3V3] of R121 on F.Cu
[unconnected_items]: Missing connection between items
    Local override; error
    @(96.7500 mm, 78.3600 mm): Pad 1 [3V3] of R101 on F.Cu
    @(94.8300 mm, 77.9850 mm): Pad 1 [3V3] of R41 on F.Cu
[unconnected_items]: Missing connection between items
    Local override; error
    @(97.4100 mm, 89.1300 mm): Pad 1 [3V3] of C257 on F.Cu
    @(97.7900 mm, 90.8500 mm): Pad 1 [3V3] of C133 on F.Cu
[unconnected_items]: Missing connection between items
    Local override; error
    @(97.4100 mm, 89.1300 mm): Pad 1 [3V3] of C257 on F.Cu
    @(97.8600 mm, 87.4000 mm): Pad 7 [3V3] of U30 on F.Cu
[unconnected_items]: Missing connection between items
    Local override; error
    @(97.7500 mm, 95.1500 mm): Pad 11 [3V3] of J20 on F.Cu
    @(98.1000 mm, 93.0700 mm): Pad 1 [3V3] of R132 on F.Cu
[unconnected_items]: Missing connection between items
    Local override; error
    @(97.7900 mm, 90.8500 mm): Pad 1 [3V3] of C133 on F.Cu
    @(99.8400 mm, 90.8700 mm): Pad 1 [3V3] of R130 on F.Cu
[unconnected_items]: Missing connection between items
    Local override; error
    @(97.7900 mm, 90.8500 mm): Pad 1 [3V3] of C133 on F.Cu
    @(98.1000 mm, 93.0700 mm): Pad 1 [3V3] of R132 on F.Cu
[unconnected_items]: Missing connection between items
    Local override; error
    @(97.8600 mm, 87.4000 mm): Pad 7 [3V3] of U30 on F.Cu
    @(96.7500 mm, 78.3600 mm): Pad 1 [3V3] of R101 on F.Cu
[unconnected_items]: Missing connection between items
    Local override; error
    @(98.1000 mm, 93.0700 mm): Pad 1 [3V3] of R132 on F.Cu
    @(95.7900 mm, 93.1700 mm): Pad 1 [3V3] of C132 on F.Cu
[unconnected_items]: Missing connection between items
    Local override; error
    @(98.2700 mm, 108.1100 mm): Pad 1 [3V3] of R121 on F.Cu
    @(103.3100 mm, 107.2900 mm): Pad 1 [3V3] of R115 on F.Cu
[unconnected_items]: Missing connection between items
    Local override; error
    @(99.1500 mm, 136.9500 mm): Pad 1 [3V3] of J21 on B.Cu
    @(97.1000 mm, 141.7800 mm): Pad 1 [3V3] of R136 on F.Cu
[unconnected_items]: Missing connection between items
    Local override; error
    @(99.6900 mm, 88.4600 mm): Pad 1 [3V3] of R247 on F.Cu
    @(97.8600 mm, 87.4000 mm): Pad 7 [3V3] of U30 on F.Cu
[unconnected_items]: Missing connection between items
    Local override; error
    @(99.8400 mm, 90.8700 mm): Pad 1 [3V3] of R130 on F.Cu
    @(101.8300 mm, 91.8700 mm): Pad 1 [3V3] of R134 on F.Cu
[unconnected_items]: Missing connection between items
    Local override; error
    @(101.8300 mm, 91.8700 mm): Pad 1 [3V3] of R134 on F.Cu
    @(103.0500 mm, 93.1500 mm): Pad 1 [3V3] of R135 on F.Cu
[unconnected_items]: Missing connection between items
    Local override; error
    @(101.8300 mm, 91.8700 mm): Pad 1 [3V3] of R134 on F.Cu
    @(104.1200 mm, 88.1300 mm): Pad 1 [3V3] of R244 on F.Cu
[unconnected_items]: Missing connection between items
    Local override; error
    @(102.4000 mm, 77.4700 mm): Pad 1 [3V3] of R246 on F.Cu
    @(103.4700 mm, 74.8800 mm): Pad 1 [3V3] of C258 on F.Cu
[unconnected_items]: Missing connection between items
    Local override; error
    @(102.4000 mm, 77.4700 mm): Pad 1 [3V3] of R246 on F.Cu
    @(96.7500 mm, 78.3600 mm): Pad 1 [3V3] of R101 on F.Cu
[unconnected_items]: Missing connection between items
    Local override; error
    @(102.6600 mm, 103.0200 mm): Pad 1 [3V3] of R122 on F.Cu
    @(103.7500 mm, 95.1500 mm): Pad 23 [3V3] of J20 on F.Cu
[unconnected_items]: Missing connection between items
    Local override; error
    @(103.0500 mm, 93.1500 mm): Pad 1 [3V3] of R135 on F.Cu
    @(104.4600 mm, 93.1700 mm): Pad 1 [3V3] of C130 on F.Cu
[unconnected_items]: Missing connection between items
    Local override; error
    @(103.3100 mm, 107.2900 mm): Pad 1 [3V3] of R115 on F.Cu
    @(102.6600 mm, 103.0200 mm): Pad 1 [3V3] of R122 on F.Cu
[unconnected_items]: Missing connection between items
    Local override; error
    @(103.3100 mm, 107.2900 mm): Pad 1 [3V3] of R115 on F.Cu
    @(114.7500 mm, 116.5600 mm): Pad 1 [3V3] of C110 on F.Cu
[unconnected_items]: Missing connection between items
    Local override; error
    @(103.7500 mm, 95.1500 mm): Pad 23 [3V3] of J20 on F.Cu
    @(104.7500 mm, 95.1500 mm): Pad 25 [3V3] of J20 on F.Cu
[unconnected_items]: Missing connection between items
    Local override; error
    @(104.4600 mm, 93.1700 mm): Pad 1 [3V3] of C130 on F.Cu
    @(105.8200 mm, 92.2600 mm): Pad 1 [3V3] of C131 on F.Cu
[unconnected_items]: Missing connection between items
    Local override; error
    @(104.4600 mm, 93.1700 mm): Pad 1 [3V3] of C130 on F.Cu
    @(104.7500 mm, 95.1500 mm): Pad 25 [3V3] of J20 on F.Cu
[unconnected_items]: Missing connection between items
    Local override; error
    @(104.6650 mm, 73.3700 mm): Pad 1 [3V3] of R37 on F.Cu
    @(104.7900 mm, 75.2575 mm): Pad 6 [3V3] of U31 on F.Cu
[unconnected_items]: Missing connection between items
    Local override; error
    @(104.6650 mm, 73.3700 mm): Pad 1 [3V3] of R37 on F.Cu
    @(107.1500 mm, 73.8575 mm): Pad 6 [3V3] of U33 on F.Cu
[unconnected_items]: Missing connection between items
    Local override; error
    @(104.7900 mm, 75.2575 mm): Pad 6 [3V3] of U31 on F.Cu
    @(103.4700 mm, 74.8800 mm): Pad 1 [3V3] of C258 on F.Cu
[unconnected_items]: Missing connection between items
    Local override; error
    @(106.7500 mm, 95.1500 mm): Pad 29 [3V3] of J20 on F.Cu
    @(104.7500 mm, 95.1500 mm): Pad 25 [3V3] of J20 on F.Cu
[unconnected_items]: Missing connection between items
    Local override; error
    @(107.1500 mm, 73.8575 mm): Pad 6 [3V3] of U33 on F.Cu
    @(109.1900 mm, 77.6200 mm): Pad 1 [3V3] of C259 on F.Cu
[unconnected_items]: Missing connection between items
    Local override; error
    @(107.1500 mm, 73.8575 mm): Pad 6 [3V3] of U33 on F.Cu
    @(114.6050 mm, 66.3800 mm): Pad 1 [3V3] of C101 on F.Cu
[unconnected_items]: Missing connection between items
    Local override; error
    @(107.2500 mm, 95.1500 mm): Pad 30 [3V3] of J20 on F.Cu
    @(106.7500 mm, 95.1500 mm): Pad 29 [3V3] of J20 on F.Cu
[unconnected_items]: Missing connection between items
    Local override; error
    @(109.1900 mm, 77.6200 mm): Pad 1 [3V3] of C259 on F.Cu
    @(110.4600 mm, 79.2275 mm): Pad 6 [3V3] of U32 on F.Cu
[unconnected_items]: Missing connection between items
    Local override; error
    @(112.6500 mm, 62.6150 mm): Pad 2 [3V3] of C32 on F.Cu
    @(114.7500 mm, 62.2600 mm): Pad 2 [3V3] of U15 on B.Cu
[unconnected_items]: Missing connection between items
    Local override; error
    @(114.6050 mm, 66.3800 mm): Pad 1 [3V3] of C101 on F.Cu
    @(115.2600 mm, 64.8200 mm): Pad 1 [3V3] of R100 on F.Cu
[unconnected_items]: Missing connection between items
    Local override; error
    @(114.7100 mm, 135.6300 mm): Pad 12 [3V3] of U12 on F.Cu
    @(99.1500 mm, 136.9500 mm): Pad 1 [3V3] of J21 on B.Cu
[unconnected_items]: Missing connection between items
    Local override; error
    @(114.7500 mm, 62.2600 mm): Pad 2 [3V3] of U15 on B.Cu
    @(115.1800 mm, 62.1700 mm): Pad 1 [3V3] of C102 on F.Cu
[unconnected_items]: Missing connection between items
    Local override; error
    @(114.7500 mm, 62.2600 mm): Pad 2 [3V3] of U15 on B.Cu
    @(115.2600 mm, 64.8200 mm): Pad 1 [3V3] of R100 on F.Cu
[unconnected_items]: Missing connection between items
    Local override; error
    @(114.7500 mm, 116.5600 mm): Pad 1 [3V3] of C110 on F.Cu
    @(117.0100 mm, 120.9850 mm): Pad 1 [3V3] of C34 on F.Cu
[unconnected_items]: Missing connection between items
    Local override; error
    @(115.1800 mm, 62.1700 mm): Pad 1 [3V3] of C102 on F.Cu
    @(116.7800 mm, 61.8550 mm): Pad 1 [3V3] of C30 on F.Cu
[unconnected_items]: Missing connection between items
    Local override; error
    @(115.4100 mm, 132.1100 mm): Pad 1 [3V3] of R112 on F.Cu
    @(114.7100 mm, 135.6300 mm): Pad 12 [3V3] of U12 on F.Cu
[unconnected_items]: Missing connection between items
    Local override; error
    @(116.9200 mm, 130.8000 mm): Pad 1 [3V3] of R111 on F.Cu
    @(115.4100 mm, 132.1100 mm): Pad 1 [3V3] of R112 on F.Cu
[unconnected_items]: Missing connection between items
    Local override; error
    @(116.9200 mm, 130.8000 mm): Pad 1 [3V3] of R111 on F.Cu
    @(117.0100 mm, 120.9850 mm): Pad 1 [3V3] of C34 on F.Cu
[unconnected_items]: Missing connection between items
    Local override; error
    @(112.3300 mm, 64.7600 mm): Pad 1 [ESP_EN] of TP14 on F.Cu
    @(114.2400 mm, 64.8200 mm): Pad 2 [ESP_EN] of R100 on F.Cu
[unconnected_items]: Missing connection between items
    Local override; error
    @(114.2600 mm, 63.5400 mm): Pad 1 [ESP_EN] of C100 on F.Cu
    @(114.2400 mm, 64.8200 mm): Pad 2 [ESP_EN] of R100 on F.Cu
[unconnected_items]: Missing connection between items
    Local override; error
    @(114.7500 mm, 63.5300 mm): Pad 3 [ESP_EN] of U15 on B.Cu
    @(114.2600 mm, 63.5400 mm): Pad 1 [ESP_EN] of C100 on F.Cu
[unconnected_items]: Missing connection between items
    Local override; error
    @(88.4375 mm, 72.9500 mm): Pad 1 [SYS_PWR_EN] of D4 on B.Cu
    @(88.3600 mm, 73.4850 mm): Pad 1 [SYS_PWR_EN] of R202 on F.Cu
[unconnected_items]: Missing connection between items
    Local override; error
    @(114.7500 mm, 71.1500 mm): Pad 9 [SYS_PWR_EN] of U15 on B.Cu
    @(88.4375 mm, 72.9500 mm): Pad 1 [SYS_PWR_EN] of D4 on B.Cu
[unconnected_items]: Missing connection between items
    Local override; error
    @(109.3750 mm, 109.3800 mm): Pad 2 [KEY_LOCK_MCU] of R201 on F.Cu
    @(114.7500 mm, 72.4200 mm): Pad 10 [KEY_LOCK_MCU] of U15 on B.Cu
[unconnected_items]: Missing connection between items
    Local override; error
    @(97.1500 mm, 136.9500 mm): Pad 5 [WHEEL_INT] of J21 on B.Cu
    @(98.1200 mm, 141.7800 mm): Pad 2 [WHEEL_INT] of R136 on F.Cu
[unconnected_items]: Missing connection between items
    Local override; error
    @(114.7500 mm, 73.6900 mm): Pad 11 [WHEEL_INT] of U15 on B.Cu
    @(97.1500 mm, 136.9500 mm): Pad 5 [WHEEL_INT] of J21 on B.Cu
[unconnected_items]: Missing connection between items
    Local override; error
    @(94.1450 mm, 61.7000 mm): Pad 2 [SD_D0] of R9 on F.Cu
    @(93.3500 mm, 61.3050 mm): Pad 7 [SD_D0] of J4 on B.Cu
[unconnected_items]: Missing connection between items
    Local override; error
    @(114.7500 mm, 74.9600 mm): Pad 12 [SD_D0] of U15 on B.Cu
    @(94.1450 mm, 61.7000 mm): Pad 2 [SD_D0] of R9 on F.Cu
[unconnected_items]: Missing connection between items
    Local override; error
    @(114.7400 mm, 74.9500 mm): Pad 1 [USBJ_DM] of TP13 on F.Cu
    @(114.7500 mm, 76.2300 mm): Pad 13 [USBJ_DM] of U15 on B.Cu
[unconnected_items]: Missing connection between items
    Local override; error
    @(114.2100 mm, 77.4300 mm): Pad 1 [USBJ_DP] of TP12 on F.Cu
    @(114.7500 mm, 77.5000 mm): Pad 14 [USBJ_DP] of U15 on B.Cu
[unconnected_items]: Missing connection between items
    Local override; error
    @(115.9000 mm, 130.8000 mm): Pad 2 [TUSB_INT] of R111 on F.Cu
    @(112.9850 mm, 78.7500 mm): Pad 15 [TUSB_INT] of U15 on B.Cu
[unconnected_items]: Missing connection between items
    Local override; error
    @(116.0100 mm, 134.4300 mm): Pad 6 [TUSB_INT] of U12 on F.Cu
    @(115.9000 mm, 130.8000 mm): Pad 2 [TUSB_INT] of R111 on F.Cu
[unconnected_items]: Missing connection between items
    Local override; error
    @(100.4625 mm, 133.0000 mm): Pad 3 [TUSB_ID] of D10 on B.Cu
    @(114.7100 mm, 134.4300 mm): Pad 9 [TUSB_ID] of U12 on F.Cu
[unconnected_items]: Missing connection between items
    Local override; error
    @(114.7100 mm, 134.4300 mm): Pad 9 [TUSB_ID] of U12 on F.Cu
    @(115.4100 mm, 133.1300 mm): Pad 2 [TUSB_ID] of R112 on F.Cu
[unconnected_items]: Missing connection between items
    Local override; error
    @(115.2650 mm, 112.1600 mm): Pad 1 [TUSB_ID] of Q11 on F.Cu
    @(111.7150 mm, 78.7500 mm): Pad 16 [TUSB_ID] of U15 on B.Cu
[unconnected_items]: Missing connection between items
    Local override; error
    @(115.4100 mm, 133.1300 mm): Pad 2 [TUSB_ID] of R112 on F.Cu
    @(115.2650 mm, 112.1600 mm): Pad 1 [TUSB_ID] of Q11 on F.Cu
[unconnected_items]: Missing connection between items
    Local override; error
    @(105.1400 mm, 88.1300 mm): Pad 2 [DAC_RESET] of R244 on F.Cu
    @(110.0800 mm, 88.9350 mm): Pad 1 [DAC_RESET] of Q20 on F.Cu
[unconnected_items]: Missing connection between items
    Local override; error
    @(110.0800 mm, 88.9350 mm): Pad 1 [DAC_RESET] of Q20 on F.Cu
    @(110.4450 mm, 78.7500 mm): Pad 17 [DAC_RESET] of U15 on B.Cu
[unconnected_items]: Missing connection between items
    Local override; error
    @(102.0300 mm, 93.1500 mm): Pad 2 [LCD_RST] of R135 on F.Cu
    @(101.7500 mm, 95.1500 mm): Pad 19 [LCD_RST] of J20 on F.Cu
[unconnected_items]: Missing connection between items
    Local override; error
    @(109.1750 mm, 78.7500 mm): Pad 18 [LCD_RST] of U15 on B.Cu
    @(102.0300 mm, 93.1500 mm): Pad 2 [LCD_RST] of R135 on F.Cu
[unconnected_items]: Missing connection between items
    Local override; error
    @(91.0500 mm, 103.0775 mm): Pad 2 [HOST_EN] of U20 on F.Cu
    @(90.3875 mm, 109.4800 mm): Pad 4 [HOST_EN] of U21 on F.Cu
[unconnected_items]: Missing connection between items
    Local override; error
    @(103.3100 mm, 108.3100 mm): Pad 2 [HOST_EN] of R115 on F.Cu
    @(90.3875 mm, 109.4800 mm): Pad 4 [HOST_EN] of U21 on F.Cu
[unconnected_items]: Missing connection between items
    Local override; error
    @(107.9050 mm, 78.7500 mm): Pad 19 [HOST_EN] of U15 on B.Cu
    @(91.0500 mm, 103.0775 mm): Pad 2 [HOST_EN] of U20 on F.Cu
[unconnected_items]: Missing connection between items
    Local override; error
    @(113.9750 mm, 111.6600 mm): Pad 3 [HOST_EN] of Q11 on F.Cu
    @(103.3100 mm, 108.3100 mm): Pad 2 [HOST_EN] of R115 on F.Cu
[unconnected_items]: Missing connection between items
    Local override; error
    @(93.7500 mm, 95.1500 mm): Pad 3 [SCL] of J20 on F.Cu
    @(99.3300 mm, 103.0325 mm): Pad 7 [SCL] of U22 on F.Cu
[unconnected_items]: Missing connection between items
    Local override; error
    @(97.3600 mm, 87.4000 mm): Pad 6 [SCL] of U30 on F.Cu
    @(93.7500 mm, 95.1500 mm): Pad 3 [SCL] of J20 on F.Cu
[unconnected_items]: Missing connection between items
    Local override; error
    @(97.6500 mm, 136.9500 mm): Pad 4 [SCL] of J21 on B.Cu
    @(115.1600 mm, 134.6300 mm): Pad 8 [SCL] of U12 on F.Cu
[unconnected_items]: Missing connection between items
    Local override; error
    @(98.2700 mm, 107.0900 mm): Pad 2 [SCL] of R121 on F.Cu
    @(99.3300 mm, 103.0325 mm): Pad 7 [SCL] of U22 on F.Cu
[unconnected_items]: Missing connection between items
    Local override; error
    @(98.2700 mm, 107.0900 mm): Pad 2 [SCL] of R121 on F.Cu
    @(97.6500 mm, 136.9500 mm): Pad 4 [SCL] of J21 on B.Cu
[unconnected_items]: Missing connection between items
    Local override; error
    @(106.6350 mm, 78.7500 mm): Pad 20 [SCL] of U15 on B.Cu
    @(97.3600 mm, 87.4000 mm): Pad 6 [SCL] of U30 on F.Cu
[unconnected_items]: Missing connection between items
    Local override; error
    @(93.3500 mm, 60.2550 mm): Pad 8 [SD_D1] of J4 on B.Cu
    @(105.3650 mm, 78.7500 mm): Pad 21 [SD_D1] of U15 on B.Cu
[unconnected_items]: Missing connection between items
    Local override; error
    @(93.8650 mm, 59.8100 mm): Pad 2 [SD_D1] of R57 on F.Cu
    @(93.3500 mm, 60.2550 mm): Pad 8 [SD_D1] of J4 on B.Cu
[unconnected_items]: Missing connection between items
    Local override; error
    @(93.3500 mm, 67.9050 mm): Pad 1 [SD_D2] of J4 on B.Cu
    @(104.0950 mm, 78.7500 mm): Pad 22 [SD_D2] of U15 on B.Cu
[unconnected_items]: Missing connection between items
    Local override; error
    @(94.8550 mm, 65.5500 mm): Pad 2 [SD_D2] of R61 on F.Cu
    @(93.3500 mm, 67.9050 mm): Pad 1 [SD_D2] of J4 on B.Cu
[unconnected_items]: Missing connection between items
    Local override; error
    @(93.3500 mm, 66.8050 mm): Pad 2 [SD_D3] of J4 on B.Cu
    @(91.1900 mm, 67.7550 mm): Pad 2 [SD_D3] of R12 on F.Cu
[unconnected_items]: Missing connection between items
    Local override; error
    @(102.8250 mm, 78.7500 mm): Pad 23 [SD_D3] of U15 on B.Cu
    @(93.3500 mm, 66.8050 mm): Pad 2 [SD_D3] of J4 on B.Cu
[unconnected_items]: Missing connection between items
    Local override; error
    @(93.3500 mm, 63.5050 mm): Pad 5 [SD_CLK] of J4 on B.Cu
    @(101.5550 mm, 78.7500 mm): Pad 24 [SD_CLK] of U15 on B.Cu
[unconnected_items]: Missing connection between items
    Local override; error
    @(93.3500 mm, 65.7050 mm): Pad 3 [SD_CMD] of J4 on B.Cu
    @(100.2850 mm, 78.7500 mm): Pad 25 [SD_CMD] of U15 on B.Cu
[unconnected_items]: Missing connection between items
    Local override; error
    @(94.5150 mm, 63.5800 mm): Pad 2 [SD_CMD] of R11 on F.Cu
    @(93.3500 mm, 65.7050 mm): Pad 3 [SD_CMD] of J4 on B.Cu
[unconnected_items]: Missing connection between items
    Local override; error
    @(97.2500 mm, 77.5000 mm): Pad 27 [BOOT] of U15 on B.Cu
    @(97.7700 mm, 78.3600 mm): Pad 2 [BOOT] of R101 on F.Cu
[unconnected_items]: Missing connection between items
    Local override; error
    @(97.6600 mm, 77.0900 mm): Pad 1 [BOOT] of C103 on F.Cu
    @(97.2500 mm, 77.5000 mm): Pad 27 [BOOT] of U15 on B.Cu
[unconnected_items]: Missing connection between items
    Local override; error
    @(97.6600 mm, 77.0900 mm): Pad 1 [BOOT] of C103 on F.Cu
    @(101.8800 mm, 69.2000 mm): Pad 1 [BOOT] of TP15 on F.Cu
[unconnected_items]: Missing connection between items
    Local override; error
    @(96.8600 mm, 87.4000 mm): Pad 5 [SDA] of U30 on F.Cu
    @(94.7500 mm, 95.1500 mm): Pad 5 [SDA] of J20 on F.Cu
[unconnected_items]: Missing connection between items
    Local override; error
    @(96.8600 mm, 87.4000 mm): Pad 5 [SDA] of U30 on F.Cu
    @(97.2500 mm, 76.2300 mm): Pad 28 [SDA] of U15 on B.Cu
[unconnected_items]: Missing connection between items
    Local override; error
    @(96.9500 mm, 108.3900 mm): Pad 2 [SDA] of R120 on F.Cu
    @(98.1500 mm, 136.9500 mm): Pad 3 [SDA] of J21 on B.Cu
[unconnected_items]: Missing connection between items
    Local override; error
    @(98.1500 mm, 136.9500 mm): Pad 3 [SDA] of J21 on B.Cu
    @(115.5600 mm, 134.6300 mm): Pad 7 [SDA] of U12 on F.Cu
[unconnected_items]: Missing connection between items
    Local override; error
    @(98.8300 mm, 103.0325 mm): Pad 8 [SDA] of U22 on F.Cu
    @(96.9500 mm, 108.3900 mm): Pad 2 [SDA] of R120 on F.Cu
[unconnected_items]: Missing connection between items
    Local override; error
    @(98.8300 mm, 103.0325 mm): Pad 8 [SDA] of U22 on F.Cu
    @(94.7500 mm, 95.1500 mm): Pad 5 [SDA] of J20 on F.Cu
[unconnected_items]: Missing connection between items
    Local override; error
    @(97.2500 mm, 74.9600 mm): Pad 29 [FG_ALRT] of U15 on B.Cu
    @(100.3300 mm, 103.0325 mm): Pad 5 [FG_ALRT] of U22 on F.Cu
[unconnected_items]: Missing connection between items
    Local override; error
    @(100.3300 mm, 103.0325 mm): Pad 5 [FG_ALRT] of U22 on F.Cu
    @(101.6400 mm, 103.0200 mm): Pad 2 [FG_ALRT] of R122 on F.Cu
[unconnected_items]: Missing connection between items
    Local override; error
    @(94.7200 mm, 74.6575 mm): Pad 6 [CHG_PG] of U10 on F.Cu
    @(94.8300 mm, 76.3350 mm): Pad 2 [CHG_PG] of R41 on F.Cu
[unconnected_items]: Missing connection between items
    Local override; error
    @(97.2500 mm, 73.6900 mm): Pad 30 [CHG_PG] of U15 on B.Cu
    @(94.7200 mm, 74.6575 mm): Pad 6 [CHG_PG] of U10 on F.Cu
[unconnected_items]: Missing connection between items
    Local override; error
    @(97.2500 mm, 72.4200 mm): Pad 31 [CHG_STAT1] of U15 on B.Cu
    @(95.7200 mm, 74.6575 mm): Pad 8 [CHG_STAT1] of U10 on F.Cu
[unconnected_items]: Missing connection between items
    Local override; error
    @(103.0150 mm, 73.3700 mm): Pad 2 [CHG_STAT1] of R37 on F.Cu
    @(97.2500 mm, 72.4200 mm): Pad 31 [CHG_STAT1] of U15 on B.Cu
[unconnected_items]: Missing connection between items
    Local override; error
    @(93.7825 mm, 73.2200 mm): Pad 4 [CHG_PROG2] of U10 on F.Cu
    @(93.0200 mm, 76.4350 mm): Pad 2 [CHG_PROG2] of R36 on F.Cu
[unconnected_items]: Missing connection between items
    Local override; error
    @(97.2500 mm, 71.1500 mm): Pad 32 [CHG_PROG2] of U15 on B.Cu
    @(93.7825 mm, 73.2200 mm): Pad 4 [CHG_PROG2] of U10 on F.Cu
[unconnected_items]: Missing connection between items
    Local override; error
    @(92.0200 mm, 73.1250 mm): Pad 2 [CHG_STAT2] of R38 on F.Cu
    @(95.2200 mm, 74.6575 mm): Pad 7 [CHG_STAT2] of U10 on F.Cu
[unconnected_items]: Missing connection between items
    Local override; error
    @(95.2200 mm, 74.6575 mm): Pad 7 [CHG_STAT2] of U10 on F.Cu
    @(97.2500 mm, 69.8800 mm): Pad 33 [CHG_STAT2] of U15 on B.Cu
[unconnected_items]: Missing connection between items
    Local override; error
    @(91.9600 mm, 78.0500 mm): Pad 3 [SD_VDD_EN] of U16 on B.Cu
    @(97.2500 mm, 68.6100 mm): Pad 34 [SD_VDD_EN] of U15 on B.Cu
[unconnected_items]: Missing connection between items
    Local override; error
    @(93.3400 mm, 67.3150 mm): Pad 2 [CHG_SEL] of R43 on F.Cu
    @(93.7825 mm, 72.7200 mm): Pad 3 [CHG_SEL] of U10 on F.Cu
[unconnected_items]: Missing connection between items
    Local override; error
    @(97.2500 mm, 67.3400 mm): Pad 35 [CHG_SEL] of U15 on B.Cu
    @(93.3400 mm, 67.3150 mm): Pad 2 [CHG_SEL] of R43 on F.Cu
[unconnected_items]: Missing connection between items
    Local override; error
    @(97.1800 mm, 66.4000 mm): Pad 1 [UART_RX0] of TP11 on F.Cu
    @(97.2500 mm, 66.0700 mm): Pad 36 [UART_RX0] of U15 on B.Cu
[unconnected_items]: Missing connection between items
    Local override; error
    @(97.1700 mm, 63.9600 mm): Pad 1 [UART_TX0] of TP10 on F.Cu
    @(97.2500 mm, 64.8000 mm): Pad 37 [UART_TX0] of U15 on B.Cu
[unconnected_items]: Missing connection between items
    Local override; error
    @(87.2000 mm, 70.5400 mm): Pad 9 [SD_CD] of J4 on B.Cu
    @(97.2500 mm, 63.5300 mm): Pad 38 [SD_CD] of U15 on B.Cu
[unconnected_items]: Missing connection between items
    Local override; error
    @(94.2500 mm, 95.1500 mm): Pad 4 [LCD_SCK] of J20 on F.Cu
    @(104.7000 mm, 66.1100 mm): Pad 42 [LCD_SCK] of U15 on B.Cu
[unconnected_items]: Missing connection between items
    Local override; error
    @(96.2500 mm, 95.1500 mm): Pad 8 [LCD_D3] of J20 on F.Cu
    @(105.5000 mm, 66.1100 mm): Pad 43 [LCD_D3] of U15 on B.Cu
[unconnected_items]: Missing connection between items
    Local override; error
    @(105.7900 mm, 75.2575 mm): Pad 4 [I2S_BCLK] of U31 on F.Cu
    @(106.3000 mm, 66.1100 mm): Pad 44 [I2S_BCLK] of U15 on B.Cu
[unconnected_items]: Missing connection between items
    Local override; error
    @(108.1500 mm, 73.8575 mm): Pad 4 [I2S_DOUT] of U33 on F.Cu
    @(110.1000 mm, 67.9100 mm): Pad 51 [I2S_DOUT] of U15 on B.Cu
[unconnected_items]: Missing connection between items
    Local override; error
    @(105.7500 mm, 95.1500 mm): Pad 27 [LCD_TE] of J20 on F.Cu
    @(110.1000 mm, 68.7100 mm): Pad 52 [LCD_TE] of U15 on B.Cu
[unconnected_items]: Missing connection between items
    Local override; error
    @(110.1000 mm, 69.5100 mm): Pad 53 [I2S_LRCK] of U15 on B.Cu
    @(111.4600 mm, 79.2275 mm): Pad 4 [I2S_LRCK] of U32 on F.Cu
[unconnected_items]: Missing connection between items
    Local override; error
    @(110.1000 mm, 70.3100 mm): Pad 54 [USB_HS_DM] of U15 on B.Cu
    @(110.2500 mm, 70.3200 mm): Pad 2 [USB_HS_DM] of R103 on F.Cu
[unconnected_items]: Missing connection between items
    Local override; error
    @(110.1000 mm, 71.1100 mm): Pad 55 [USB_HS_DP] of U15 on B.Cu
    @(110.4000 mm, 71.6000 mm): Pad 2 [USB_HS_DP] of R102 on F.Cu
[unconnected_items]: Missing connection between items
    Local override; error
    @(95.2500 mm, 95.1500 mm): Pad 6 [LCD_CS] of J20 on F.Cu
    @(104.9000 mm, 67.1100 mm): Pad 61 [LCD_CS] of U15 on B.Cu
[unconnected_items]: Missing connection between items
    Local override; error
    @(95.7500 mm, 95.1500 mm): Pad 7 [TP_INT] of J20 on F.Cu
    @(104.9000 mm, 67.9100 mm): Pad 60 [TP_INT] of U15 on B.Cu
[unconnected_items]: Missing connection between items
    Local override; error
    @(97.2500 mm, 95.1500 mm): Pad 10 [LCD_D2] of J20 on F.Cu
    @(104.9000 mm, 68.7100 mm): Pad 59 [LCD_D2] of U15 on B.Cu
[unconnected_items]: Missing connection between items
    Local override; error
    @(98.2500 mm, 95.1500 mm): Pad 12 [LCD_D1] of J20 on F.Cu
    @(104.9000 mm, 69.5100 mm): Pad 58 [LCD_D1] of U15 on B.Cu
[unconnected_items]: Missing connection between items
    Local override; error
    @(99.2500 mm, 95.1500 mm): Pad 14 [LCD_D0] of J20 on F.Cu
    @(104.9000 mm, 70.3100 mm): Pad 57 [LCD_D0] of U15 on B.Cu
[unconnected_items]: Missing connection between items
    Local override; error
    @(103.4200 mm, 77.4700 mm): Pad 2 [DAC_INT] of R246 on F.Cu
    @(102.8225 mm, 83.5100 mm): Pad 27 [DAC_INT] of U17 on F.Cu
[unconnected_items]: Missing connection between items
    Local override; error
    @(104.9000 mm, 71.1100 mm): Pad 56 [DAC_INT] of U15 on B.Cu
    @(103.4200 mm, 77.4700 mm): Pad 2 [DAC_INT] of R246 on F.Cu
[unconnected_items]: Missing connection between items
    Local override; error
    @(97.9100 mm, 82.8700 mm): Pad 2 [DAC_SCL] of R249 on F.Cu
    @(97.3600 mm, 84.6000 mm): Pad 3 [DAC_SCL] of U30 on F.Cu
[unconnected_items]: Missing connection between items
    Local override; error
    @(107.6975 mm, 84.7100 mm): Pad 1 [DAC_SCL] of U17 on F.Cu
    @(97.9100 mm, 82.8700 mm): Pad 2 [DAC_SCL] of R249 on F.Cu
[unconnected_items]: Missing connection between items
    Local override; error
    @(107.6975 mm, 84.3100 mm): Pad 2 [I2S_DIN_1V8] of U17 on F.Cu
    @(108.1500 mm, 75.2825 mm): Pad 3 [I2S_DIN_1V8] of U33 on F.Cu
[unconnected_items]: Missing connection between items
    Local override; error
    @(84.9700 mm, 69.7800 mm): Pad 1 [V1P8] of C262 on F.Cu
    @(86.4200 mm, 71.9975 mm): Pad 1 [V1P8] of U34 on F.Cu
[unconnected_items]: Missing connection between items
    Local override; error
    @(86.4200 mm, 71.9975 mm): Pad 1 [V1P8] of U34 on F.Cu
    @(94.4800 mm, 83.1000 mm): Pad 1 [V1P8] of R248 on F.Cu
[unconnected_items]: Missing connection between items
    Local override; error
    @(87.6000 mm, 68.9800 mm): Pad 1 [V1P8] of C261 on F.Cu
    @(84.9700 mm, 69.7800 mm): Pad 1 [V1P8] of C262 on F.Cu
[unconnected_items]: Missing connection between items
    Local override; error
    @(96.8900 mm, 82.8700 mm): Pad 1 [V1P8] of R249 on F.Cu
    @(97.8600 mm, 84.6000 mm): Pad 2 [V1P8] of U30 on F.Cu
[unconnected_items]: Missing connection between items
    Local override; error
    @(96.8900 mm, 82.8700 mm): Pad 1 [V1P8] of R249 on F.Cu
    @(94.4800 mm, 83.1000 mm): Pad 1 [V1P8] of R248 on F.Cu
[unconnected_items]: Missing connection between items
    Local override; error
    @(97.8600 mm, 84.6000 mm): Pad 2 [V1P8] of U30 on F.Cu
    @(99.9700 mm, 85.8750 mm): Pad 1 [V1P8] of FB1 on F.Cu
[unconnected_items]: Missing connection between items
    Local override; error
    @(99.9700 mm, 85.8750 mm): Pad 1 [V1P8] of FB1 on F.Cu
    @(101.5600 mm, 87.2900 mm): Pad 1 [V1P8] of C240 on F.Cu
[unconnected_items]: Missing connection between items
    Local override; error
    @(103.4600 mm, 85.3475 mm): Pad 31 [V1P8] of U17 on F.Cu
    @(101.5600 mm, 87.2900 mm): Pad 1 [V1P8] of C240 on F.Cu
[unconnected_items]: Missing connection between items
    Local override; error
    @(104.7900 mm, 76.6825 mm): Pad 1 [V1P8] of U31 on F.Cu
    @(105.2900 mm, 75.2575 mm): Pad 5 [V1P8] of U31 on F.Cu
[unconnected_items]: Missing connection between items
    Local override; error
    @(107.1500 mm, 75.2825 mm): Pad 1 [V1P8] of U33 on F.Cu
    @(105.2900 mm, 75.2575 mm): Pad 5 [V1P8] of U31 on F.Cu
[unconnected_items]: Missing connection between items
    Local override; error
    @(107.6975 mm, 83.5100 mm): Pad 4 [V1P8] of U17 on F.Cu
    @(103.4600 mm, 85.3475 mm): Pad 31 [V1P8] of U17 on F.Cu
[unconnected_items]: Missing connection between items
    Local override; error
    @(110.4600 mm, 80.6525 mm): Pad 1 [V1P8] of U32 on F.Cu
    @(107.6975 mm, 83.5100 mm): Pad 4 [V1P8] of U17 on F.Cu
[unconnected_items]: Missing connection between items
    Local override; error
    @(110.9600 mm, 79.2275 mm): Pad 5 [V1P8] of U32 on F.Cu
    @(110.4600 mm, 80.6525 mm): Pad 1 [V1P8] of U32 on F.Cu
[unconnected_items]: Missing connection between items
    Local override; error
    @(110.9600 mm, 79.2275 mm): Pad 5 [V1P8] of U32 on F.Cu
    @(107.1500 mm, 75.2825 mm): Pad 1 [V1P8] of U33 on F.Cu
[unconnected_items]: Missing connection between items
    Local override; error
    @(114.5200 mm, 83.9900 mm): Pad 1 [V1P8] of C241 on F.Cu
    @(110.4600 mm, 80.6525 mm): Pad 1 [V1P8] of U32 on F.Cu
[unconnected_items]: Missing connection between items
    Local override; error
    @(107.6975 mm, 83.1100 mm): Pad 5 [FILTP] of U17 on F.Cu
    @(108.0500 mm, 88.5750 mm): Pad 1 [FILTP] of C245 on F.Cu
[unconnected_items]: Missing connection between items
    Local override; error
    @(107.6975 mm, 82.7100 mm): Pad 6 [FILTN] of U17 on F.Cu
    @(110.8050 mm, 82.5700 mm): Pad 1 [FILTN] of C246 on F.Cu
[unconnected_items]: Missing connection between items
    Local override; error
    @(99.9700 mm, 84.9050 mm): Pad 2 [V1P8A] of FB1 on F.Cu
    @(102.8225 mm, 82.7100 mm): Pad 25 [V1P8A] of U17 on F.Cu
[unconnected_items]: Missing connection between items
    Local override; error
    @(101.1000 mm, 78.3700 mm): Pad 1 [V1P8A] of C248 on F.Cu
    @(102.8225 mm, 82.7100 mm): Pad 25 [V1P8A] of U17 on F.Cu
[unconnected_items]: Missing connection between items
    Local override; error
    @(102.8225 mm, 82.7100 mm): Pad 25 [V1P8A] of U17 on F.Cu
    @(107.6975 mm, 82.3100 mm): Pad 7 [V1P8A] of U17 on F.Cu
[unconnected_items]: Missing connection between items
    Local override; error
    @(107.6975 mm, 82.3100 mm): Pad 7 [V1P8A] of U17 on F.Cu
    @(107.4600 mm, 77.6700 mm): Pad 1 [V1P8A] of C242 on F.Cu
[unconnected_items]: Missing connection between items
    Local override; error
    @(109.2600 mm, 83.0400 mm): Pad 1 [V1P8A] of C243 on F.Cu
    @(107.6975 mm, 82.3100 mm): Pad 7 [V1P8A] of U17 on F.Cu
[unconnected_items]: Missing connection between items
    Local override; error
    @(107.6975 mm, 81.5100 mm): Pad 9 [NVA] of U17 on F.Cu
    @(107.9400 mm, 78.9100 mm): Pad 1 [NVA] of C244 on F.Cu
[unconnected_items]: Missing connection between items
    Local override; error
    @(107.6975 mm, 81.1100 mm): Pad 10 [FLYPVA] of U17 on F.Cu
    @(109.1900 mm, 80.8600 mm): Pad 1 [FLYPVA] of C247 on F.Cu
[unconnected_items]: Missing connection between items
    Local override; error
    @(107.0600 mm, 80.4725 mm): Pad 11 [FLYNVA] of U17 on F.Cu
    @(109.1900 mm, 79.9000 mm): Pad 2 [FLYNVA] of C247 on F.Cu
[unconnected_items]: Missing connection between items
    Local override; error
    @(92.3700 mm, 140.2500 mm): Pad 1 [HPREFA] of J1 on B.Cu
    @(92.9100 mm, 140.8700 mm): Pad 1 [HPREFA] of NT1 on F.Cu
[unconnected_items]: Missing connection between items
    Local override; error
    @(106.2600 mm, 80.4725 mm): Pad 13 [HPREFA] of U17 on F.Cu
    @(92.3700 mm, 140.2500 mm): Pad 1 [HPREFA] of J1 on B.Cu
[unconnected_items]: Missing connection between items
    Local override; error
    @(84.0450 mm, 119.0500 mm): Pad 1 [HPOUTA] of U3 on F.Cu
    @(83.6200 mm, 133.6500 mm): Pad 2 [HPOUTA] of J1 on B.Cu
[unconnected_items]: Missing connection between items
    Local override; error
    @(105.8600 mm, 80.4725 mm): Pad 14 [HPOUTA] of U17 on F.Cu
    @(84.0450 mm, 119.0500 mm): Pad 1 [HPOUTA] of U3 on F.Cu
[unconnected_items]: Missing connection between items
    Local override; error
    @(84.0450 mm, 118.0500 mm): Pad 2 [HPOUTB] of U3 on F.Cu
    @(92.3700 mm, 137.5000 mm): Pad 3 [HPOUTB] of J1 on B.Cu
[unconnected_items]: Missing connection between items
    Local override; error
    @(105.0600 mm, 80.4725 mm): Pad 16 [HPOUTB] of U17 on F.Cu
    @(84.0450 mm, 118.0500 mm): Pad 2 [HPOUTB] of U3 on F.Cu
[unconnected_items]: Missing connection between items
    Local override; error
    @(82.8800 mm, 133.8400 mm): Pad 1 [HPREFB] of NT2 on F.Cu
    @(83.6200 mm, 140.2500 mm): Pad 4 [HPREFB] of J1 on B.Cu
[unconnected_items]: Missing connection between items
    Local override; error
    @(104.6600 mm, 80.4725 mm): Pad 17 [HPREFB] of U17 on F.Cu
    @(82.8800 mm, 133.8400 mm): Pad 1 [HPREFB] of NT2 on F.Cu
[unconnected_items]: Missing connection between items
    Local override; error
    @(104.2600 mm, 80.4725 mm): Pad 18 [VCPFN] of U17 on F.Cu
    @(104.8300 mm, 78.9400 mm): Pad 1 [VCPFN] of C250 on F.Cu
[unconnected_items]: Missing connection between items
    Local override; error
    @(103.4600 mm, 80.4725 mm): Pad 20 [FLYNVCP] of U17 on F.Cu
    @(103.5100 mm, 78.8500 mm): Pad 2 [FLYNVCP] of C252 on F.Cu
[unconnected_items]: Missing connection between items
    Local override; error
    @(101.2600 mm, 80.6200 mm): Pad 1 [VCPFP] of C249 on F.Cu
    @(102.8225 mm, 81.1100 mm): Pad 21 [VCPFP] of U17 on F.Cu
[unconnected_items]: Missing connection between items
    Local override; error
    @(83.6200 mm, 131.3000 mm): Pad 5 [HP_DETECT] of J1 on B.Cu
    @(102.8225 mm, 81.5100 mm): Pad 22 [HP_DETECT] of U17 on F.Cu
[unconnected_items]: Missing connection between items
    Local override; error
    @(100.0500 mm, 81.9100 mm): Pad 2 [FLYCVCP] of C251 on F.Cu
    @(102.8225 mm, 81.9100 mm): Pad 23 [FLYCVCP] of U17 on F.Cu
[unconnected_items]: Missing connection between items
    Local override; error
    @(102.8225 mm, 81.9100 mm): Pad 23 [FLYCVCP] of U17 on F.Cu
    @(102.5500 mm, 78.8500 mm): Pad 1 [FLYCVCP] of C252 on F.Cu
[unconnected_items]: Missing connection between items
    Local override; error
    @(100.0500 mm, 82.8700 mm): Pad 1 [FLYPVCP] of C251 on F.Cu
    @(102.8225 mm, 82.3100 mm): Pad 24 [FLYPVCP] of U17 on F.Cu
[unconnected_items]: Missing connection between items
    Local override; error
    @(88.3300 mm, 103.8450 mm): Pad 1 [SYS_POWER] of C111 on F.Cu
    @(90.5500 mm, 103.0775 mm): Pad 3 [SYS_POWER] of U20 on F.Cu
[unconnected_items]: Missing connection between items
    Local override; error
    @(88.3300 mm, 103.8450 mm): Pad 1 [SYS_POWER] of C111 on F.Cu
    @(89.3775 mm, 106.2400 mm): Pad 1 [SYS_POWER] of L20 on F.Cu
[unconnected_items]: Missing connection between items
    Local override; error
    @(89.3775 mm, 106.2400 mm): Pad 1 [SYS_POWER] of L20 on F.Cu
    @(116.3000 mm, 117.5750 mm): Pad 2 [SYS_POWER] of R4 on F.Cu
[unconnected_items]: Missing connection between items
    Local override; error
    @(90.5500 mm, 103.0775 mm): Pad 3 [SYS_POWER] of U20 on F.Cu
    @(102.8400 mm, 87.8400 mm): Pad 1 [SYS_POWER] of R245 on F.Cu
[unconnected_items]: Missing connection between items
    Local override; error
    @(91.6750 mm, 71.3400 mm): Pad 1 [SYS_POWER] of C24 on F.Cu
    @(85.2300 mm, 73.8425 mm): Pad 6 [SYS_POWER] of U4 on F.Cu
[unconnected_items]: Missing connection between items
    Local override; error
    @(93.7825 mm, 71.7200 mm): Pad 1 [SYS_POWER] of U10 on F.Cu
    @(94.7200 mm, 70.7825 mm): Pad 20 [SYS_POWER] of U10 on F.Cu
[unconnected_items]: Missing connection between items
    Local override; error
    @(93.7825 mm, 71.7200 mm): Pad 1 [SYS_POWER] of U10 on F.Cu
    @(91.6750 mm, 71.3400 mm): Pad 1 [SYS_POWER] of C24 on F.Cu
[unconnected_items]: Missing connection between items
    Local override; error
    @(94.7200 mm, 70.7825 mm): Pad 20 [SYS_POWER] of U10 on F.Cu
    @(99.4500 mm, 67.8450 mm): Pad 1 [SYS_POWER] of R34 on F.Cu
[unconnected_items]: Missing connection between items
    Local override; error
    @(96.7550 mm, 81.2100 mm): Pad 1 [SYS_POWER] of C254 on F.Cu
    @(101.3300 mm, 83.3700 mm): Pad 1 [SYS_POWER] of C253 on F.Cu
[unconnected_items]: Missing connection between items
    Local override; error
    @(96.7550 mm, 81.2100 mm): Pad 1 [SYS_POWER] of C254 on F.Cu
    @(93.7825 mm, 71.7200 mm): Pad 1 [SYS_POWER] of U10 on F.Cu
[unconnected_items]: Missing connection between items
    Local override; error
    @(101.3300 mm, 83.3700 mm): Pad 1 [SYS_POWER] of C253 on F.Cu
    @(102.8400 mm, 87.8400 mm): Pad 1 [SYS_POWER] of R245 on F.Cu
[unconnected_items]: Missing connection between items
    Local override; error
    @(102.8225 mm, 83.1100 mm): Pad 26 [SYS_POWER] of U17 on F.Cu
    @(101.3300 mm, 83.3700 mm): Pad 1 [SYS_POWER] of C253 on F.Cu
[unconnected_items]: Missing connection between items
    Local override; error
    @(102.8225 mm, 83.9100 mm): Pad 28 [DAC_RESET_N] of U17 on F.Cu
    @(102.8400 mm, 86.8200 mm): Pad 2 [DAC_RESET_N] of R245 on F.Cu
[unconnected_items]: Missing connection between items
    Local override; error
    @(102.8400 mm, 86.8200 mm): Pad 2 [DAC_RESET_N] of R245 on F.Cu
    @(110.5800 mm, 87.6450 mm): Pad 3 [DAC_RESET_N] of Q20 on F.Cu
[unconnected_items]: Missing connection between items
    Local override; error
    @(104.6600 mm, 85.3475 mm): Pad 34 [I2S_BCLK_1V8] of U17 on F.Cu
    @(105.7900 mm, 76.6825 mm): Pad 3 [I2S_BCLK_1V8] of U31 on F.Cu
[unconnected_items]: Missing connection between items
    Local override; error
    @(101.2800 mm, 85.7100 mm): Pad 2 [XTO] of R243 on F.Cu
    @(104.1600 mm, 86.8300 mm): Pad 1 [XTO] of C256 on F.Cu
[unconnected_items]: Missing connection between items
    Local override; error
    @(105.4600 mm, 85.3475 mm): Pad 36 [XTO] of U17 on F.Cu
    @(104.1600 mm, 86.8300 mm): Pad 1 [XTO] of C256 on F.Cu
[unconnected_items]: Missing connection between items
    Local override; error
    @(107.7100 mm, 86.8500 mm): Pad 2 [XTO] of R241 on F.Cu
    @(105.4600 mm, 85.3475 mm): Pad 36 [XTO] of U17 on F.Cu
[unconnected_items]: Missing connection between items
    Local override; error
    @(105.8600 mm, 85.3475 mm): Pad 37 [XTI] of U17 on F.Cu
    @(106.4000 mm, 87.8200 mm): Pad 2 [XTI] of R242 on F.Cu
[unconnected_items]: Missing connection between items
    Local override; error
    @(106.4000 mm, 87.8200 mm): Pad 2 [XTI] of R242 on F.Cu
    @(106.2700 mm, 89.4900 mm): Pad 1 [XTI] of C255 on F.Cu
[unconnected_items]: Missing connection between items
    Local override; error
    @(109.2600 mm, 85.3200 mm): Pad 2 [XTI] of R240 on F.Cu
    @(105.8600 mm, 85.3475 mm): Pad 37 [XTI] of U17 on F.Cu
[unconnected_items]: Missing connection between items
    Local override; error
    @(106.2600 mm, 85.3475 mm): Pad 38 [I2S_LRCK_1V8] of U17 on F.Cu
    @(111.4600 mm, 80.6525 mm): Pad 3 [I2S_LRCK_1V8] of U32 on F.Cu
[unconnected_items]: Missing connection between items
    Local override; error
    @(95.5000 mm, 83.1000 mm): Pad 2 [DAC_SDA] of R248 on F.Cu
    @(96.8600 mm, 84.6000 mm): Pad 4 [DAC_SDA] of U30 on F.Cu
[unconnected_items]: Missing connection between items
    Local override; error
    @(96.8600 mm, 84.6000 mm): Pad 4 [DAC_SDA] of U30 on F.Cu
    @(106.6600 mm, 85.3475 mm): Pad 39 [DAC_SDA] of U17 on F.Cu
[unconnected_items]: Missing connection between items
    Local override; error
    @(110.2800 mm, 85.3200 mm): Pad 1 [XTAL1] of R240 on F.Cu
    @(111.8000 mm, 84.5200 mm): Pad 1 [XTAL1] of X1 on F.Cu
[unconnected_items]: Missing connection between items
    Local override; error
    @(108.7300 mm, 86.8500 mm): Pad 1 [XTAL2] of R241 on F.Cu
    @(112.9000 mm, 85.9200 mm): Pad 3 [XTAL2] of X1 on F.Cu
[unconnected_items]: Missing connection between items
    Local override; error
    @(95.1000 mm, 86.1600 mm): Pad 1 [XTAL3] of X2 on F.Cu
    @(106.4000 mm, 86.8000 mm): Pad 1 [XTAL3] of R242 on F.Cu
[unconnected_items]: Missing connection between items
    Local override; error
    @(94.0000 mm, 84.7600 mm): Pad 3 [XTAL4] of X2 on F.Cu
    @(101.2800 mm, 84.6900 mm): Pad 1 [XTAL4] of R243 on F.Cu
[unconnected_items]: Missing connection between items
    Local override; error
    @(98.3600 mm, 87.4000 mm): Pad 8 [PCA_EN] of U30 on F.Cu
    @(99.6900 mm, 87.4400 mm): Pad 2 [PCA_EN] of R247 on F.Cu
[unconnected_items]: Missing connection between items
    Local override; error
    @(88.6125 mm, 108.1800 mm): Pad 1 [VBUS] of U21 on F.Cu
    @(95.6625 mm, 133.0000 mm): Pad 5 [VBUS] of U5 on B.Cu
[unconnected_items]: Missing connection between items
    Local override; error
    @(95.6625 mm, 133.0000 mm): Pad 5 [VBUS] of U5 on B.Cu
    @(106.6000 mm, 136.2500 mm): Pad B4_A9 [VBUS] of J6 on B.Cu
[unconnected_items]: Missing connection between items
    Local override; error
    @(106.6000 mm, 136.2500 mm): Pad B4_A9 [VBUS] of J6 on B.Cu
    @(107.5100 mm, 133.9500 mm): Pad 2 [VBUS] of Q1 on B.Cu
[unconnected_items]: Missing connection between items
    Local override; error
    @(111.4000 mm, 136.2500 mm): Pad A4_B9 [VBUS] of J6 on B.Cu
    @(107.5100 mm, 133.9500 mm): Pad 2 [VBUS] of Q1 on B.Cu
[unconnected_items]: Missing connection between items
    Local override; error
    @(116.3600 mm, 137.9300 mm): Pad 1 [VBUS] of R110 on F.Cu
    @(116.7700 mm, 133.1000 mm): Pad 1 [VBUS] of R114 on F.Cu
[unconnected_items]: Missing connection between items
    Local override; error
    @(116.3600 mm, 137.9300 mm): Pad 1 [VBUS] of R110 on F.Cu
    @(111.4000 mm, 136.2500 mm): Pad A4_B9 [VBUS] of J6 on B.Cu
[unconnected_items]: Missing connection between items
    Local override; error
    @(116.7700 mm, 133.1000 mm): Pad 1 [VBUS] of R114 on F.Cu
    @(117.1100 mm, 125.8600 mm): Pad 1 [VBUS] of R113 on F.Cu
[unconnected_items]: Missing connection between items
    Local override; error
    @(117.1100 mm, 125.8600 mm): Pad 1 [VBUS] of R113 on F.Cu
    @(114.8350 mm, 113.7900 mm): Pad 1 [VBUS] of C37 on F.Cu
[unconnected_items]: Missing connection between items
    Local override; error
    @(95.6625 mm, 133.9500 mm): Pad 4 [CC1] of U5 on B.Cu
    @(110.2500 mm, 136.2500 mm): Pad A5 [CC1] of J6 on B.Cu
[unconnected_items]: Missing connection between items
    Local override; error
    @(110.2500 mm, 136.2500 mm): Pad A5 [CC1] of J6 on B.Cu
    @(115.1600 mm, 135.4300 mm): Pad 1 [CC1] of U12 on F.Cu
[unconnected_items]: Missing connection between items
    Local override; error
    @(97.9375 mm, 133.9500 mm): Pad 3 [USB_DP] of U5 on B.Cu
    @(108.2500 mm, 136.2500 mm): Pad B6 [USB_DP] of J6 on B.Cu
[unconnected_items]: Missing connection between items
    Local override; error
    @(108.2500 mm, 136.2500 mm): Pad B6 [USB_DP] of J6 on B.Cu
    @(109.2500 mm, 136.2500 mm): Pad A6 [USB_DP] of J6 on B.Cu
[unconnected_items]: Missing connection between items
    Local override; error
    @(109.3800 mm, 71.6000 mm): Pad 1 [USB_DP] of R102 on F.Cu
    @(97.9375 mm, 133.9500 mm): Pad 3 [USB_DP] of U5 on B.Cu
[unconnected_items]: Missing connection between items
    Local override; error
    @(97.9375 mm, 132.0500 mm): Pad 1 [USB_DN] of U5 on B.Cu
    @(108.7500 mm, 136.2500 mm): Pad A7 [USB_DN] of J6 on B.Cu
[unconnected_items]: Missing connection between items
    Local override; error
    @(108.7500 mm, 136.2500 mm): Pad A7 [USB_DN] of J6 on B.Cu
    @(109.7500 mm, 136.2500 mm): Pad B7 [USB_DN] of J6 on B.Cu
[unconnected_items]: Missing connection between items
    Local override; error
    @(109.2300 mm, 70.3200 mm): Pad 1 [USB_DN] of R103 on F.Cu
    @(97.9375 mm, 132.0500 mm): Pad 1 [USB_DN] of U5 on B.Cu
[unconnected_items]: Missing connection between items
    Local override; error
    @(95.6625 mm, 132.0500 mm): Pad 6 [CC2] of U5 on B.Cu
    @(107.2500 mm, 136.2500 mm): Pad B5 [CC2] of J6 on B.Cu
[unconnected_items]: Missing connection between items
    Local override; error
    @(107.2500 mm, 136.2500 mm): Pad B5 [CC2] of J6 on B.Cu
    @(115.5600 mm, 135.4300 mm): Pad 2 [CC2] of U12 on F.Cu
[unconnected_items]: Missing connection between items
    Local override; error
    @(93.7825 mm, 72.2200 mm): Pad 2 [VBUS_SW] of U10 on F.Cu
    @(104.8900 mm, 133.0000 mm): Pad 3 [VBUS_SW] of Q1 on B.Cu
[unconnected_items]: Missing connection between items
    Local override; error
    @(95.2200 mm, 70.7825 mm): Pad 19 [VBUS_SW] of U10 on F.Cu
    @(93.7825 mm, 72.2200 mm): Pad 2 [VBUS_SW] of U10 on F.Cu
[unconnected_items]: Missing connection between items
    Local override; error
    @(95.7200 mm, 70.7825 mm): Pad 18 [VBUS_SW] of U10 on F.Cu
    @(95.2200 mm, 70.7825 mm): Pad 19 [VBUS_SW] of U10 on F.Cu
[unconnected_items]: Missing connection between items
    Local override; error
    @(96.6950 mm, 68.9400 mm): Pad 1 [VBUS_SW] of C27 on F.Cu
    @(95.7200 mm, 70.7825 mm): Pad 18 [VBUS_SW] of U10 on F.Cu
[unconnected_items]: Missing connection between items
    Local override; error
    @(87.4000 mm, 77.5000 mm): Pad 1 [NTC] of BT1 on B.Cu
    @(88.1100 mm, 77.1250 mm): Pad 1 [NTC] of R1 on F.Cu
[unconnected_items]: Missing connection between items
    Local override; error
    @(88.1100 mm, 77.1250 mm): Pad 1 [NTC] of R1 on F.Cu
    @(93.7825 mm, 73.7200 mm): Pad 5 [NTC] of U10 on F.Cu
[unconnected_items]: Missing connection between items
    Local override; error
    @(97.6575 mm, 73.2200 mm): Pad 12 [CHG_PROG3] of U10 on F.Cu
    @(101.2700 mm, 73.3250 mm): Pad 1 [CHG_PROG3] of R35 on F.Cu
[unconnected_items]: Missing connection between items
    Local override; error
    @(97.6575 mm, 72.7200 mm): Pad 13 [CHG_PROG1] of U10 on F.Cu
    @(99.3250 mm, 71.3500 mm): Pad 1 [CHG_PROG1] of R39 on F.Cu
[unconnected_items]: Missing connection between items
    Local override; error
    @(83.4000 mm, 77.5000 mm): Pad 3 [VBAT] of BT1 on B.Cu
    @(86.6500 mm, 92.1100 mm): Pad 1 [VBAT] of TP7 on F.Cu
[unconnected_items]: Missing connection between items
    Local override; error
    @(96.7200 mm, 70.7825 mm): Pad 16 [VBAT] of U10 on F.Cu
    @(97.6575 mm, 71.7200 mm): Pad 15 [VBAT] of U10 on F.Cu
[unconnected_items]: Missing connection between items
    Local override; error
    @(96.7200 mm, 70.7825 mm): Pad 16 [VBAT] of U10 on F.Cu
    @(83.4000 mm, 77.5000 mm): Pad 3 [VBAT] of BT1 on B.Cu
[unconnected_items]: Missing connection between items
    Local override; error
    @(97.6575 mm, 71.7200 mm): Pad 15 [VBAT] of U10 on F.Cu
    @(97.6575 mm, 72.2200 mm): Pad 14 [VBAT] of U10 on F.Cu
[unconnected_items]: Missing connection between items
    Local override; error
    @(97.6575 mm, 72.2200 mm): Pad 14 [VBAT] of U10 on F.Cu
    @(99.4300 mm, 73.1350 mm): Pad 1 [VBAT] of C25 on F.Cu
[unconnected_items]: Missing connection between items
    Local override; error
    @(99.3300 mm, 105.0075 mm): Pad 2 [VBAT] of U22 on F.Cu
    @(86.6500 mm, 92.1100 mm): Pad 1 [VBAT] of TP7 on F.Cu
[unconnected_items]: Missing connection between items
    Local override; error
    @(99.8300 mm, 105.0075 mm): Pad 3 [VBAT] of U22 on F.Cu
    @(99.3300 mm, 105.0075 mm): Pad 2 [VBAT] of U22 on F.Cu
[unconnected_items]: Missing connection between items
    Local override; error
    @(99.8300 mm, 105.0075 mm): Pad 3 [VBAT] of U22 on F.Cu
    @(99.9300 mm, 106.4300 mm): Pad 1 [VBAT] of C104 on F.Cu
[unconnected_items]: Missing connection between items
    Local override; error
    @(96.2200 mm, 70.7825 mm): Pad 17 [CHG_CE] of U10 on F.Cu
    @(99.4500 mm, 69.4950 mm): Pad 2 [CHG_CE] of R34 on F.Cu
[unconnected_items]: Missing connection between items
    Local override; error
    @(116.3000 mm, 129.4450 mm): Pad 3 [Q1_G] of Q10 on F.Cu
    @(107.5100 mm, 132.0500 mm): Pad 1 [Q1_G] of Q1 on B.Cu
[unconnected_items]: Missing connection between items
    Local override; error
    @(116.7700 mm, 132.0800 mm): Pad 2 [Q1_G] of R114 on F.Cu
    @(116.3000 mm, 129.4450 mm): Pad 3 [Q1_G] of Q10 on F.Cu
[unconnected_items]: Missing connection between items
    Local override; error
    @(86.2600 mm, 77.1750 mm): Pad 2 [LDO_EN] of R7 on F.Cu
    @(86.5625 mm, 73.9000 mm): Pad 3 [LDO_EN] of D4 on B.Cu
[unconnected_items]: Missing connection between items
    Local override; error
    @(86.5625 mm, 73.9000 mm): Pad 3 [LDO_EN] of D4 on B.Cu
    @(86.5300 mm, 73.8425 mm): Pad 4 [LDO_EN] of U4 on F.Cu
[unconnected_items]: Missing connection between items
    Local override; error
    @(110.5550 mm, 111.1900 mm): Pad 1 [KEY_LOCK] of R200 on F.Cu
    @(111.0250 mm, 109.3800 mm): Pad 1 [KEY_LOCK] of R201 on F.Cu
[unconnected_items]: Missing connection between items
    Local override; error
    @(111.0250 mm, 109.3800 mm): Pad 1 [KEY_LOCK] of R201 on F.Cu
    @(88.4375 mm, 74.8500 mm): Pad 2 [KEY_LOCK] of D4 on B.Cu
[unconnected_items]: Missing connection between items
    Local override; error
    @(111.1000 mm, 132.8000 mm): Pad 2 [KEY_LOCK] of SW1 on B.Cu
    @(110.5550 mm, 111.1900 mm): Pad 1 [KEY_LOCK] of R200 on F.Cu
[unconnected_items]: Missing connection between items
    Local override; error
    @(114.5000 mm, 132.8000 mm): Pad 1 [LOCK_COM] of SW1 on B.Cu
    @(116.3000 mm, 119.2250 mm): Pad 1 [LOCK_COM] of R4 on F.Cu
[unconnected_items]: Missing connection between items
    Local override; error
    @(91.1900 mm, 66.1050 mm): Pad 1 [SD_VDD] of R12 on F.Cu
    @(93.2050 mm, 65.5500 mm): Pad 1 [SD_VDD] of R61 on F.Cu
[unconnected_items]: Missing connection between items
    Local override; error
    @(91.1900 mm, 66.1050 mm): Pad 1 [SD_VDD] of R12 on F.Cu
    @(89.5950 mm, 64.0900 mm): Pad 1 [SD_VDD] of C42 on F.Cu
[unconnected_items]: Missing connection between items
    Local override; error
    @(91.1900 mm, 66.1050 mm): Pad 1 [SD_VDD] of R12 on F.Cu
    @(90.0400 mm, 76.7500 mm): Pad 6 [SD_VDD] of U16 on B.Cu
[unconnected_items]: Missing connection between items
    Local override; error
    @(92.2150 mm, 59.8100 mm): Pad 1 [SD_VDD] of R57 on F.Cu
    @(92.4950 mm, 61.7000 mm): Pad 1 [SD_VDD] of R9 on F.Cu
[unconnected_items]: Missing connection between items
    Local override; error
    @(92.4950 mm, 61.7000 mm): Pad 1 [SD_VDD] of R9 on F.Cu
    @(92.8650 mm, 63.5800 mm): Pad 1 [SD_VDD] of R11 on F.Cu
[unconnected_items]: Missing connection between items
    Local override; error
    @(93.2050 mm, 65.5500 mm): Pad 1 [SD_VDD] of R61 on F.Cu
    @(93.3500 mm, 64.6050 mm): Pad 4 [SD_VDD] of J4 on B.Cu
[unconnected_items]: Missing connection between items
    Local override; error
    @(93.3500 mm, 64.6050 mm): Pad 4 [SD_VDD] of J4 on B.Cu
    @(92.8650 mm, 63.5800 mm): Pad 1 [SD_VDD] of R11 on F.Cu
[unconnected_items]: Missing connection between items
    Local override; error
    @(116.0100 mm, 135.2300 mm): Pad 4 [TUSB_VBUSDET] of U12 on F.Cu
    @(116.3600 mm, 136.9100 mm): Pad 2 [TUSB_VBUSDET] of R110 on F.Cu
[unconnected_items]: Missing connection between items
    Local override; error
    @(102.3375 mm, 132.0500 mm): Pad 1 [Q1_GN] of D10 on B.Cu
    @(116.8000 mm, 128.1550 mm): Pad 1 [Q1_GN] of Q10 on F.Cu
[unconnected_items]: Missing connection between items
    Local override; error
    @(116.8000 mm, 128.1550 mm): Pad 1 [Q1_GN] of Q10 on F.Cu
    @(117.1100 mm, 126.8800 mm): Pad 2 [Q1_GN] of R113 on F.Cu
[unconnected_items]: Missing connection between items
    Local override; error
    @(92.8100 mm, 104.2700 mm): Pad 2 [BOOST_FB] of R116 on F.Cu
    @(92.8600 mm, 102.9500 mm): Pad 1 [BOOST_FB] of R117 on F.Cu
[unconnected_items]: Missing connection between items
    Local override; error
    @(92.8600 mm, 102.9500 mm): Pad 1 [BOOST_FB] of R117 on F.Cu
    @(91.5500 mm, 103.0775 mm): Pad 1 [BOOST_FB] of U20 on F.Cu
[unconnected_items]: Missing connection between items
    Local override; error
    @(91.0500 mm, 104.5025 mm): Pad 5 [BOOST_SW] of U20 on F.Cu
    @(91.5025 mm, 106.2400 mm): Pad 2 [BOOST_SW] of L20 on F.Cu
[unconnected_items]: Missing connection between items
    Local override; error
    @(85.5100 mm, 109.6850 mm): Pad 1 [V5_HOST] of C113 on F.Cu
    @(87.3300 mm, 107.6700 mm): Pad 1 [V5_HOST] of C114 on F.Cu
[unconnected_items]: Missing connection between items
    Local override; error
    @(87.3300 mm, 107.6700 mm): Pad 1 [V5_HOST] of C114 on F.Cu
    @(85.6750 mm, 106.1500 mm): Pad 1 [V5_HOST] of C112 on F.Cu
[unconnected_items]: Missing connection between items
    Local override; error
    @(87.3300 mm, 107.6700 mm): Pad 1 [V5_HOST] of C114 on F.Cu
    @(90.3875 mm, 108.1800 mm): Pad 6 [V5_HOST] of U21 on F.Cu
[unconnected_items]: Missing connection between items
    Local override; error
    @(90.3875 mm, 108.1800 mm): Pad 6 [V5_HOST] of U21 on F.Cu
    @(91.5500 mm, 104.5025 mm): Pad 6 [V5_HOST] of U20 on F.Cu
[unconnected_items]: Missing connection between items
    Local override; error
    @(93.8300 mm, 104.2700 mm): Pad 1 [V5_HOST] of R116 on F.Cu
    @(91.5500 mm, 104.5025 mm): Pad 6 [V5_HOST] of U20 on F.Cu
[unconnected_items]: Missing connection between items
    Local override; error
    @(88.6125 mm, 108.8300 mm): Pad 2 [HOST_ILIM] of U21 on F.Cu
    @(91.6600 mm, 108.3600 mm): Pad 1 [HOST_ILIM] of R118 on F.Cu
[unconnected_items]: Missing connection between items
    Local override; error
    @(88.6125 mm, 109.4800 mm): Pad 3 [HOST_FLT] of U21 on F.Cu
    @(89.3300 mm, 110.9100 mm): Pad 2 [HOST_FLT] of R119 on F.Cu
[unconnected_items]: Missing connection between items
    Local override; error
    @(96.7500 mm, 95.1500 mm): Pad 9 [TP_RST] of J20 on F.Cu
    @(97.0800 mm, 93.0700 mm): Pad 2 [TP_RST] of R132 on F.Cu
[unconnected_items]: Missing connection between items
    Local override; error
    @(99.7500 mm, 95.1500 mm): Pad 15 [LCD_IM1] of J20 on F.Cu
    @(99.8400 mm, 91.8900 mm): Pad 2 [LCD_IM1] of R130 on F.Cu
[unconnected_items]: Missing connection between items
    Local override; error
    @(100.7500 mm, 95.1500 mm): Pad 17 [LCD_IM0] of J20 on F.Cu
    @(100.7700 mm, 93.1600 mm): Pad 1 [LCD_IM0] of R131 on F.Cu
[unconnected_items]: Missing connection between items
    Local override; error
    @(102.7500 mm, 95.1500 mm): Pad 21 [LCD_PWR_EN] of J20 on F.Cu
    @(102.8500 mm, 91.8700 mm): Pad 2 [LCD_PWR_EN] of R134 on F.Cu

** Found 42 Footprint errors **
[net_conflict]: Pad missing net given by schematic (unconnected-(D10-NC-Pad2)).
    Local override; warning
    @(102.3375 mm, 133.9500 mm): Pad 2 [<no net>] of D10 on B.Cu
[net_conflict]: Pad missing net given by schematic (unconnected-(J1-NC-Pad6)).
    Local override; warning
    @(92.3700 mm, 132.4500 mm): Pad 6 [<no net>] of J1 on B.Cu
[net_conflict]: Pad missing net given by schematic (unconnected-(J6-NC-PadA8)).
    Local override; warning
    @(107.7500 mm, 136.2500 mm): Pad A8 [<no net>] of J6 on B.Cu
[net_conflict]: Pad missing net given by schematic (unconnected-(J6-NC-PadA8)).
    Local override; warning
    @(110.7500 mm, 136.2500 mm): Pad B8 [<no net>] of J6 on B.Cu
[net_conflict]: Pad missing net given by schematic (unconnected-(J20-NC-Pad13)).
    Local override; warning
    @(98.7500 mm, 95.1500 mm): Pad 13 [<no net>] of J20 on F.Cu
[net_conflict]: Pad missing net given by schematic (unconnected-(J21-NC-Pad6)).
    Local override; warning
    @(96.6500 mm, 136.9500 mm): Pad 6 [<no net>] of J21 on B.Cu
[footprint_symbol_mismatch]: Footprint attributes don't match symbol: 'Exclude from bill of materials' settings differ.
    Local override; warning
    @(106.4000 mm, 87.3100 mm): Footprint R242
[footprint_symbol_mismatch]: Footprint attributes don't match symbol: 'Exclude from bill of materials' settings differ.
    Local override; warning
    @(101.2800 mm, 85.2000 mm): Footprint R243
[footprint_symbol_mismatch]: Footprint attributes don't match symbol: 'Exclude from bill of materials' settings differ.
    Local override; warning
    @(86.6500 mm, 92.1100 mm): Footprint TP7
[net_conflict]: Pad missing net given by schematic (unconnected-(U4-NC-Pad2)).
    Local override; warning
    @(85.8800 mm, 75.6175 mm): Pad 2 [<no net>] of U4 on F.Cu
[net_conflict]: Pad missing net given by schematic (unconnected-(U4-NC-Pad2)).
    Local override; warning
    @(85.8800 mm, 73.8425 mm): Pad 5 [<no net>] of U4 on F.Cu
[net_conflict]: Pad missing net given by schematic (unconnected-(U12-NC-Pad3)).
    Local override; warning
    @(116.0100 mm, 135.6300 mm): Pad 3 [<no net>] of U12 on F.Cu
[net_conflict]: Pad missing net given by schematic (unconnected-(U15-NC-Pad26)).
    Local override; warning
    @(114.7500 mm, 64.8000 mm): Pad 4 [<no net>] of U15 on B.Cu
[net_conflict]: Pad missing net given by schematic (unconnected-(U15-NC-Pad26)).
    Local override; warning
    @(114.7500 mm, 66.0700 mm): Pad 5 [<no net>] of U15 on B.Cu
[net_conflict]: Pad missing net given by schematic (unconnected-(U15-NC-Pad26)).
    Local override; warning
    @(114.7500 mm, 67.3400 mm): Pad 6 [<no net>] of U15 on B.Cu
[net_conflict]: Pad missing net given by schematic (unconnected-(U15-NC-Pad26)).
    Local override; warning
    @(114.7500 mm, 68.6100 mm): Pad 7 [<no net>] of U15 on B.Cu
[net_conflict]: Pad missing net given by schematic (unconnected-(U15-NC-Pad26)).
    Local override; warning
    @(114.7500 mm, 69.8800 mm): Pad 8 [<no net>] of U15 on B.Cu
[net_conflict]: Pad missing net given by schematic (unconnected-(U15-NC-Pad26)).
    Local override; warning
    @(99.0150 mm, 78.7500 mm): Pad 26 [<no net>] of U15 on B.Cu
[net_conflict]: Pad missing net given by schematic (unconnected-(U15-NC-Pad26)).
    Local override; warning
    @(97.2500 mm, 62.2600 mm): Pad 39 [<no net>] of U15 on B.Cu
[net_conflict]: Pad missing net given by schematic (unconnected-(U15-NC-Pad26)).
    Local override; warning
    @(107.1000 mm, 66.1100 mm): Pad 45 [<no net>] of U15 on B.Cu
[net_conflict]: Pad missing net given by schematic (unconnected-(U15-NC-Pad26)).
    Local override; warning
    @(107.9000 mm, 66.1100 mm): Pad 46 [<no net>] of U15 on B.Cu
[net_conflict]: Pad missing net given by schematic (unconnected-(U15-NC-Pad26)).
    Local override; warning
    @(108.7000 mm, 66.1100 mm): Pad 47 [<no net>] of U15 on B.Cu
[net_conflict]: Pad missing net given by schematic (unconnected-(U15-NC-Pad26)).
    Local override; warning
    @(109.5000 mm, 66.1100 mm): Pad 48 [<no net>] of U15 on B.Cu
[net_conflict]: Pad missing net given by schematic (unconnected-(U15-NC-Pad26)).
    Local override; warning
    @(110.3000 mm, 66.1100 mm): Pad 49 [<no net>] of U15 on B.Cu
[net_conflict]: Pad missing net given by schematic (unconnected-(U15-NC-Pad26)).
    Local override; warning
    @(110.1000 mm, 67.1100 mm): Pad 50 [<no net>] of U15 on B.Cu
[net_conflict]: Pad missing net given by schematic (unconnected-(U16-NC-Pad4)).
    Local override; warning
    @(90.0400 mm, 78.0500 mm): Pad 4 [<no net>] of U16 on B.Cu
[net_conflict]: Pad missing net given by schematic (unconnected-(U17-NC-Pad12)).
    Local override; warning
    @(107.6975 mm, 83.9100 mm): Pad 3 [<no net>] of U17 on F.Cu
[net_conflict]: Pad missing net given by schematic (unconnected-(U17-NC-Pad12)).
    Local override; warning
    @(106.6600 mm, 80.4725 mm): Pad 12 [<no net>] of U17 on F.Cu
[net_conflict]: Pad missing net given by schematic (unconnected-(U17-NC-Pad12)).
    Local override; warning
    @(105.4600 mm, 80.4725 mm): Pad 15 [<no net>] of U17 on F.Cu
[net_conflict]: Pad missing net given by schematic (unconnected-(U17-NC-Pad12)).
    Local override; warning
    @(102.8225 mm, 84.3100 mm): Pad 29 [<no net>] of U17 on F.Cu
[net_conflict]: Pad missing net given by schematic (unconnected-(U17-NC-Pad12)).
    Local override; warning
    @(103.8600 mm, 85.3475 mm): Pad 32 [<no net>] of U17 on F.Cu
[net_conflict]: Pad missing net given by schematic (unconnected-(U17-NC-Pad12)).
    Local override; warning
    @(104.2600 mm, 85.3475 mm): Pad 33 [<no net>] of U17 on F.Cu
[net_conflict]: Pad missing net given by schematic (unconnected-(U17-NC-Pad12)).
    Local override; warning
    @(107.0600 mm, 85.3475 mm): Pad 40 [<no net>] of U17 on F.Cu
[net_conflict]: Pad missing net given by schematic (unconnected-(U34-NC-Pad2)).
    Local override; warning
    @(87.0700 mm, 71.9975 mm): Pad 2 [<no net>] of U34 on F.Cu
[net_conflict]: Pad missing net given by schematic (unconnected-(U34-NC-Pad2)).
    Local override; warning
    @(87.0700 mm, 70.2225 mm): Pad 5 [<no net>] of U34 on F.Cu
[footprint_symbol_mismatch]: Footprint attributes don't match symbol: 'Exclude from bill of materials' settings differ.
    Local override; warning
    @(94.5500 mm, 85.4600 mm): Footprint X2
[extra_footprint]: Extra footprint
    Local override; warning
    @(88.0000 mm, 122.0000 mm): Footprint FID3
[extra_footprint]: Extra footprint
    Local override; warning
    @(108.0000 mm, 62.0000 mm): Footprint FID2
[extra_footprint]: Extra footprint
    Local override; warning
    @(112.0000 mm, 131.0000 mm): Footprint FID1
[extra_footprint]: Extra footprint
    Local override; warning
    @(88.0000 mm, 119.0000 mm): Footprint FID6
[extra_footprint]: Extra footprint
    Local override; warning
    @(112.0000 mm, 128.0000 mm): Footprint FID5
[extra_footprint]: Extra footprint
    Local override; warning
    @(88.0000 mm, 62.0000 mm): Footprint FID4

** End of Report **
